eval/mean_episode_reward,eval/info_performance_mean,eval/best_episode_reward,eval/info_normalized_performance_final,eval/eval_time,eval/info_performance_final,eval/info_normalized_performance_mean,eval/episode_reward,eval/episode,train/info_performance_mean,train_actor/target_entropy,train/episode,train/episode_reward,train_critic/loss,train/info_performance_final,train_alpha/loss,train/duration,train_alpha/value,train_actor/loss,train/info_normalized_performance_mean,train/info_normalized_performance_final,train/batch_reward,train_actor/entropy
0.0,0.0,0.0,0.0,19.173094987869263,0.0,0.0,0.0,0,,,,,,,,,,,,,,
774.6394112969589,0.3873197,1319.1071428571427,0.43400463,19.125325918197632,0.43400463,0.3873197,894.2986425339373,100,0.07402713,-3,96,148.0542264752793,134.342529296875,0.08313397,-0.19065973162651062,1.655320167541504,0.11287557120687937,-291.48248291015625,0.07402713,0.08313397,4.988287925720215,0.42616376280784607
779.426938340458,0.38971344,1534.7593582887669,0.42215562,19.905269145965576,0.42215562,0.38971344,803.3122171945716,200,0.8860576,-3,196,1772.1153846153868,117.18522644042969,0.97252744,-0.2830267548561096,1.843503475189209,0.18846913386277073,-643.0178833007812,0.8860576,0.97252744,5.584510803222656,0.5998621582984924
378.7657133019188,0.18938284,1415.9523809523832,0.2056034,20.114811658859253,0.2056034,0.18938284,441.3919413919422,300,0.28044644,-3,296,560.8928571428565,77.71672058105469,0.30357143,-0.21829523146152496,1.7658326625823975,0.3056685222312857,-890.2637939453125,0.28044644,0.30357143,5.997219085693359,0.9006022214889526
692.7467617019612,0.3463734,1144.0262515262507,0.38078058,16.783270597457886,0.38078058,0.3463734,512.9581529581527,400,0.32167095,-3,396,643.3418367346939,672.0582885742188,0.34566328,-0.019453009590506554,1.453843116760254,0.43507151116249987,-1027.7659912109375,0.32167095,0.34566328,6.294680595397949,1.13141930103302
1168.4231102557571,0.5842115,1828.3482142857142,0.6551912,17.0824236869812,0.6551912,0.5842115,782.375,500,0.34200317,-3,496,684.0064102564107,578.04736328125,0.39476496,-0.02975398674607277,1.4218947887420654,0.43766914422819225,-1145.9632568359375,0.34200317,0.39476496,7.082727432250977,1.0437750816345215
694.0595821141384,0.34702978,1480.810457516343,0.38006037,18.09211015701294,0.38006037,0.34702978,1480.810457516343,600,0.2860204,-3,596,572.0408163265312,504.4833679199219,0.30725622,0.1830608993768692,1.4361748695373535,0.44558958339313715,-1256.0308837890625,0.2860204,0.30725622,6.784822463989258,1.2174227237701416
836.8635355616607,0.41843176,1576.8589743589778,0.48344082,16.718685626983643,0.48344082,0.41843176,657.4404761904756,700,0.54423505,-3,696,1088.470052083334,339.0267028808594,0.601237,0.06546355783939362,1.5310742855072021,0.4642733717901557,-1299.42041015625,0.54423505,0.601237,7.5206170082092285,1.2997870445251465
797.5284593296008,0.39876422,1454.487394957983,0.44090456,16.97888684272766,0.44090456,0.39876422,653.839285714285,800,0.19954114,-3,796,399.08220965637264,1581.9166259765625,0.2648978,0.05416351556777954,1.592203140258789,0.5033821882884607,-1361.49951171875,0.19954114,0.2648978,7.564336776733398,1.277886152267456
814.9448294282331,0.4074724,1098.4516129032236,0.45197052,17.29281187057495,0.45197052,0.4074724,753.0803571428568,900,0.20731252,-3,896,414.625,697.2314453125,0.25625,0.029951315373182297,1.4104266166687012,0.4656072840761353,-1359.7623291015625,0.20731252,0.25625,7.133199691772461,1.5084362030029297
859.4261843382153,0.42971307,1323.616666666666,0.5024624,17.101259231567383,0.5024624,0.42971307,945.6685966363395,1000,0.7170328,-3,996,1434.0659340659363,468.20123291015625,0.81357926,0.09908340871334076,1.5388312339782715,0.4767186277478266,-1456.5697021484375,0.7170328,0.81357926,8.640657424926758,1.912501573562622
709.3225863611356,0.35466132,1631.0,0.4010486,17.205260038375854,0.4010486,0.35466132,266.87074829931913,1100,0.23144533,-3,1096,462.8906250000005,522.0992431640625,0.27571616,-0.015857815742492676,1.4918489456176758,0.44186978407198074,-1459.688232421875,0.23144533,0.27571616,8.099222183227539,1.5956804752349854
617.0897029260422,0.30854487,1192.5428571428595,0.34808505,16.835222482681274,0.34808505,0.30854487,806.8452380952373,1200,0.0053125,-3,1196,10.625,499.7127380371094,0.09821428,-0.00762079656124115,1.434432029724121,0.4210400042435331,-1448.26416015625,0.0053125,0.09821428,7.6616058349609375,1.9560179710388184
790.2961345945724,0.39514807,1434.03125,0.43966135,16.800150632858276,0.43966135,0.39514807,1156.4646464646476,1300,0.44352424,-3,1296,887.0482603815927,270.96221923828125,0.51094276,0.1742256134748459,1.5506103038787842,0.4005958603851258,-1392.12451171875,0.44352424,0.51094276,7.461449146270752,1.5815439224243164
994.6767811050638,0.4973384,1500.8983957219252,0.5571321,17.44153380393982,0.5571321,0.4973384,904.0781945327407,1400,0.7208878,-3,1396,1441.7754010695178,795.1993408203125,0.7882353,-0.172447070479393,1.5858943462371826,0.36388652611219313,-1452.591552734375,0.7208878,0.7882353,8.830880165100098,1.6215507984161377
816.7581702840127,0.40837908,1666.0392156862752,0.4732862,17.180331707000732,0.4732862,0.40837908,1256.537815126052,1500,0.49232057,-3,1496,984.6412037037018,577.4493408203125,0.5387731,-0.1359613537788391,1.4760754108428955,0.34308729033341395,-1380.8037109375,0.49232057,0.5387731,8.297033309936523,1.527477502822876
710.1050848623775,0.35505256,1351.1999999999991,0.40265435,17.08216428756714,0.40265435,0.35505256,880.699404761905,1600,0.4009864,-3,1596,801.9727891156473,1416.934326171875,0.44104308,-0.1177867203950882,1.5037260055541992,0.2943294237610724,-1360.916748046875,0.4009864,0.44104308,8.19087028503418,0.8858115673065186
983.48828432079,0.49174413,1481.200000000002,0.54403716,17.705469131469727,0.54403716,0.49174413,1031.336898395723,1700,0.2295451,-3,1696,459.09015715467325,1014.545166015625,0.263303,0.10519829392433167,1.5185983180999756,0.30847841362511585,-1359.2694091796875,0.2295451,0.263303,9.278936386108398,1.1235754489898682
900.6538041687469,0.45032686,1590.3571428571402,0.5071089,17.275380849838257,0.5071089,0.45032686,721.8388429752065,1800,0.3045833,-3,1796,609.1666666666656,358.8996887207031,0.3422619,0.20072895288467407,1.4100897312164307,0.3175104926744828,-1440.08056640625,0.3045833,0.3422619,10.378660202026367,0.9088930487632751
1011.0928401353965,0.5055464,1525.09375,0.5671101,17.879340887069702,0.5671101,0.5055464,963.846726190478,1900,0.39726493,-3,1896,794.5299145299155,728.2623291015625,0.43589744,0.055554408580064774,1.4334862232208252,0.30602019677128456,-1397.033935546875,0.39726493,0.43589744,9.457023620605469,0.830230176448822
857.5760414514473,0.42878804,1496.4499999999975,0.47392145,17.416430473327637,0.47392145,0.42878804,607.0318181818182,2000,0.0,-3,1996,0.0,706.8307495117188,0.0,-0.44137004017829895,1.489549160003662,0.378121269820915,-1383.199462890625,0.0,0.0,9.00541877746582,1.517810583114624
983.0450096204404,0.49152255,1388.1344537815119,0.5793675,17.36349582672119,0.5793675,0.49152255,1283.5134310134292,2100,0.7972188,-3,2096,1594.4375,499.7215270996094,0.859375,-0.2597121000289917,1.4527156352996826,0.5646504219313949,-1645.8016357421875,0.7972188,0.859375,8.907337188720703,1.354856014251709
984.3653819653537,0.49218273,1526.2184873949611,0.551097,17.409088850021362,0.551097,0.49218273,471.94525904203397,2200,0.38519454,-3,2196,770.3891184572996,1992.280517578125,0.44232094,0.018859978765249252,1.6374258995056152,0.4855068719210311,-1658.9891357421875,0.38519454,0.44232094,8.73824405670166,1.6824147701263428
1154.97761105407,0.57748884,1640.520833333335,0.6380257,17.430325984954834,0.6380257,0.57748884,1325.9735576923104,2300,0.38004464,-3,2296,760.0892857142858,1073.595947265625,0.46875,-0.03528920188546181,1.4101576805114746,0.415963512644822,-1591.7076416015625,0.38004464,0.46875,9.32489013671875,1.4098942279815674
458.29388453450446,0.22914697,1698.0357142857154,0.261378,17.27898144721985,0.261378,0.22914697,705.093914350112,2400,0.28296515,-3,2396,565.9302704464003,981.5462646484375,0.34636688,-0.10565271973609924,1.4729905128479004,0.37523561069152417,-1507.829345703125,0.28296515,0.34636688,9.788896560668945,1.3970890045166016
884.3716063076181,0.4421858,1479.8828125,0.48748937,16.93805718421936,0.48748937,0.4421858,1479.8828125,2500,0.80236125,-3,2496,1604.7222222222229,268.10626220703125,0.890873,0.11343944817781448,1.6104564666748047,0.31545258234617946,-1394.11474609375,0.80236125,0.890873,8.797807693481445,1.37899649143219
962.4849593462098,0.48124245,1404.9500000000014,0.52387077,17.072831869125366,0.52387077,0.48124245,108.4779220779222,2600,0.43271878,-3,2596,865.4377104377103,674.5877075195312,0.47839507,-0.3453724980354309,1.556232213973999,0.3251824337864101,-1384.150146484375,0.43271878,0.47839507,8.688804626464844,1.1901092529296875
700.1801483718066,0.3500901,1175.6547619047592,0.38087767,16.70233392715454,0.38087767,0.3500901,579.905882352941,2700,0.3094658,-3,2696,618.9316239316242,356.307861328125,0.36832264,0.118947833776474,1.7308871746063232,0.37364483513185587,-1376.52490234375,0.3094658,0.36832264,9.381684303283691,1.4843109846115112
713.2722755830007,0.3566361,1071.9856770833323,0.39866447,16.636833429336548,0.39866447,0.3566361,302.49999999999966,2800,0.8087239,-3,2796,1617.447916666666,311.7427978515625,0.9296875,0.13429558277130127,1.609431266784668,0.3511167874188247,-1431.5452880859375,0.8087239,0.9296875,10.400663375854492,1.2501060962677002
1108.9287514493808,0.55446434,1343.020833333334,0.606427,17.037269115447998,0.606427,0.55446434,932.0553935860061,2900,0.5810999,-3,2896,1162.2000000000005,1142.35888671875,0.62916666,0.012512452900409698,1.5990042686462402,0.39872880482759443,-1459.38818359375,0.5810999,0.62916666,9.652336120605469,1.1781659126281738
1038.8825141411785,0.51944125,1604.2823529411755,0.5786814,16.932289361953735,0.5786814,0.51944125,838.9001122334452,3000,0.42198974,-3,2996,843.979591836736,711.2440185546875,0.45854592,-0.04340020939707756,1.4552929401397705,0.5862734881002397,-1577.407470703125,0.42198974,0.45854592,9.329416275024414,1.3971240520477295
1113.6440528983999,0.556822,1748.046875,0.61686766,17.268495321273804,0.61686766,0.556822,775.3703703703715,3100,0.67440635,-3,3096,1348.8125,2671.4052734375,0.74375,-0.005506172776222229,1.4292709827423096,0.6199050794191485,-1755.589111328125,0.67440635,0.74375,9.358907699584961,1.4581280946731567
970.511714789307,0.48525587,1534.2142857142878,0.53900206,17.022664785385132,0.53900206,0.48525587,894.6565934065914,3200,0.84238845,-3,3196,1684.7767857142887,3602.78173828125,0.9285714,0.10997705161571503,1.5263056755065918,0.5541227363296379,-1860.5234375,0.84238845,0.9285714,9.420217514038086,1.663040280342102
1118.5898382067385,0.55929494,1825.0714285714268,0.60811836,16.83475661277771,0.60811836,0.55929494,572.8214285714287,3300,0.14814049,-3,3296,296.2809917355372,679.8402099609375,0.19312745,-0.44558510184288025,1.6296827793121338,0.5253087498463227,-1842.302978515625,0.14814049,0.19312745,9.436826705932617,1.35686457157135
795.7706093513581,0.39788532,1570.6534090909076,0.43742275,16.96442151069641,0.43742275,0.39788532,1129.975000000002,3400,0.36983407,-3,3396,739.6681096681089,792.4783935546875,0.4054834,-0.06680291146039963,1.583040475845337,0.5765526679689801,-2035.9853515625,0.36983407,0.4054834,9.169855117797852,1.1515226364135742
280.6863926877405,0.1403432,1037.4278846153834,0.17349859,16.515179872512817,0.17349859,0.1403432,0.0,3500,0.0,-3,3496,0.0,437.6269226074219,0.0,0.2388921082019806,1.43416428565979,0.536416552740951,-1872.9315185546875,0.0,0.0,9.644451141357422,1.520312786102295
989.4767342040981,0.49473837,1738.6904761904739,0.5382943,16.902790307998657,0.5382943,0.49473837,462.6497395833333,3600,0.28371173,-3,3596,567.4234693877553,289.37640380859375,0.30867347,0.10422585159540176,1.4393539428710938,0.40265872628430394,-1642.897705078125,0.28371173,0.30867347,8.080262184143066,1.0606427192687988
976.0248988799925,0.48801246,1628.8690476190443,0.53008777,16.936728954315186,0.53008777,0.48801246,845.4761904761904,3700,0.15672052,-3,3696,313.44102178812875,289.46392822265625,0.17261457,-0.35924792289733887,1.550156593322754,0.48912728206147055,-1596.5811767578125,0.15672052,0.17261457,7.717983245849609,1.1853933334350586
535.0960901027075,0.26754802,1543.9285714285688,0.29158828,16.879804611206055,0.29158828,0.26754802,0.0,3800,0.5734931,-3,3796,1146.9861111111102,258.83953857421875,0.62430555,-0.06902047991752625,1.6291520595550537,0.43713906811181386,-1565.179931640625,0.5734931,0.62430555,8.45079517364502,1.5433911085128784
901.8725231188868,0.45093623,1684.2833333333324,0.49948317,16.937941789627075,0.49948317,0.45093623,595.8431372549019,3900,0.5486796,-3,3896,1097.3593073593056,451.37249755859375,0.5966811,-0.4435582756996155,1.627873420715332,0.4417470280975952,-1444.660400390625,0.5486796,0.5966811,7.645435333251953,1.147929072380066
1034.0618500150963,0.51703095,1628.620320855617,0.5745758,17.346150636672974,0.5745758,0.51703095,1175.0078492935647,4000,0.38816836,-3,3996,776.336805555557,581.5924072265625,0.42100695,-0.1794946789741516,1.4829556941986084,0.46455377088872385,-1460.091796875,0.38816836,0.42100695,8.042205810546875,1.222975254058838
933.619670904042,0.46680987,1404.3142857142843,0.51167387,17.24118447303772,0.51167387,0.46680987,881.1398071625327,4100,0.49673608,-3,4096,993.4722222222231,482.452880859375,0.54608583,0.13310644030570984,1.4395909309387207,0.5543667992904399,-1461.259765625,0.49673608,0.54608583,8.104130744934082,1.6337493658065796
1039.683502612083,0.5198418,1576.7058823529442,0.5766567,16.605539560317993,0.5766567,0.5198418,352.60504201680664,4200,0.7158844,-3,4196,1431.7687074829912,616.5450439453125,0.82199544,0.02081403136253357,1.5607259273529053,0.6409329620265379,-1588.2479248046875,0.7158844,0.82199544,8.061598777770996,1.3337950706481934
1219.676098615825,0.609838,1753.9803921568616,0.67637956,17.43067741394043,0.67637956,0.609838,1558.983516483515,4300,0.5711905,-3,4296,1142.3809523809527,373.69549560546875,0.6269841,0.18725654482841492,1.44527268409729,0.5279301090192665,-1511.9786376953125,0.5711905,0.6269841,8.299249649047852,1.2751266956329346
777.8510947276142,0.38892552,1240.9307359307377,0.43949977,16.807005882263184,0.43949977,0.38892552,756.2259615384609,4400,0.39093003,-3,4396,781.8601190476187,802.3375244140625,0.42931548,-0.004114434123039246,1.4976468086242676,0.43126247894038,-1469.9560546875,0.39093003,0.42931548,8.561814308166504,1.2327611446380615
1141.998732783712,0.5709994,1860.267857142857,0.6291835,16.924848556518555,0.6291835,0.5709994,959.7569444444425,4500,0.30619025,-3,4496,612.3805188893944,450.0464782714844,0.37608102,0.01883615553379059,1.7837464809417725,0.3949397200826908,-1422.4921875,0.30619025,0.37608102,9.42288589477539,1.6176750659942627
1164.5554729014925,0.5822777,1634.1836734693898,0.6442902,17.180431365966797,0.6442902,0.5822777,1634.1836734693898,4600,0.71597135,-3,4596,1431.9428571428587,288.5718994140625,0.79571426,-0.24280858039855957,1.5858900547027588,0.3535886356154603,-1426.315185546875,0.71597135,0.79571426,9.789602279663086,1.2573082447052002
449.30317562922585,0.22465158,1536.3186813186785,0.25319973,17.28407049179077,0.25319973,0.22465158,1536.3186813186785,4700,0.6959639,-3,4696,1391.9274376417247,428.00128173828125,0.7789116,0.07552579045295715,1.624675989151001,0.3368191673375784,-1435.901611328125,0.6959639,0.7789116,9.925911903381348,1.0006054639816284
973.2979269075424,0.48664895,1594.716666666667,0.5327755,17.18099021911621,0.5327755,0.48664895,778.4126984126996,4800,0.89135206,-3,4796,1782.7040816326557,493.7233581542969,0.9897959,-0.13164915144443512,1.496056318283081,0.38627600065418144,-1366.9212646484375,0.89135206,0.9897959,8.873284339904785,1.1377038955688477
1123.4234515714038,0.5617118,1719.6470588235306,0.62271106,17.263699054718018,0.62271106,0.5617118,1011.084183673469,4900,0.28416815,-3,4896,568.3363858363861,1126.89208984375,0.32158118,-0.21376347541809082,1.7221729755401611,0.34782488080273954,-1430.4248046875,0.28416815,0.32158118,10.034765243530273,0.965921938419342
830.482402855082,0.4152412,1529.9652777777808,0.44922152,17.351701498031616,0.44922152,0.4152412,1368.682539682541,5000,0.07788235,-3,4996,155.76470588235267,1519.4158935546875,0.084033616,-0.07741609960794449,1.408219337463379,0.4342651614217652,-1488.31494140625,0.07788235,0.084033616,10.91659164428711,1.5353195667266846
767.9531974439772,0.38397664,1554.7252747252762,0.4208931,17.311033964157104,0.4208931,0.38397664,1199.925,5100,0.36485124,-3,5096,729.7023809523805,1278.6361083984375,0.4011905,0.017660900950431824,1.4604814052581787,0.39502981936113835,-1437.623291015625,0.36485124,0.4011905,8.872331619262695,0.9945333003997803
471.17626774267376,0.23558815,1667.619047619044,0.26028195,16.207499265670776,0.26028195,0.23558815,0.0,5200,0.8801833,-3,5196,1760.3666666666675,388.0734558105469,0.9716667,-0.19970479607582092,1.551482915878296,0.33826193451576564,-1471.21728515625,0.8801833,0.9716667,9.06164264678955,1.0716686248779297
1132.5941630880686,0.5662971,1684.9609375,0.6304756,17.534788370132446,0.6304756,0.5662971,1418.4545454545432,5300,0.34972656,-3,5296,699.453125,382.62030029296875,0.38671875,-0.03284527733922005,1.42836594581604,0.3154404514490849,-1410.3946533203125,0.34972656,0.38671875,9.484511375427246,1.1139936447143555
1195.4596683277036,0.59772986,1806.25,0.66429836,17.04928207397461,0.66429836,0.59772986,865.9454545454528,5400,0.080699,-3,5396,161.39795918367335,850.9439086914062,0.08979592,-0.042855262756347656,1.4043819904327393,0.3236750893907058,-1346.844970703125,0.080699,0.08979592,8.684825897216797,0.607824981212616
1117.0625791187244,0.5585312,1806.5972222222222,0.6156784,17.300156831741333,0.6156784,0.5585312,1729.125,5500,0.58670133,-3,5496,1173.4027777777774,257.6852722167969,0.6409722,-0.016236092895269394,1.5943052768707275,0.38628920093711766,-1423.236083984375,0.58670133,0.6409722,9.14653205871582,0.9011384844779968
1248.2323259932305,0.6241161,1709.1477272727273,0.6882565,17.379542112350464,0.6882565,0.6241161,808.5218253968266,5600,0.6191204,-3,5596,1238.2407407407406,684.3460083007812,0.68386245,-0.08519503474235535,1.6138715744018555,0.366905665017781,-1362.934326171875,0.6191204,0.68386245,8.82281494140625,0.8308924436569214
1197.7444370914648,0.59887224,1782.3125,0.6750323,16.88282561302185,0.6750323,0.59887224,1283.311688311687,5700,0.6590973,-3,5696,1318.194444444446,560.63623046875,0.7280093,-0.002503206953406334,1.5791432857513428,0.33308192010617454,-1321.57080078125,0.6590973,0.7280093,8.419071197509766,0.7444567084312439
915.3918136030637,0.45769593,1256.7833333333342,0.49994022,17.05641222000122,0.49994022,0.45769593,608.6862244897966,5800,0.3859051,-3,5796,771.8099999999994,431.9198913574219,0.43175,-0.02349100261926651,1.5677580833435059,0.3155922063471655,-1350.582275390625,0.3859051,0.43175,9.27684211730957,1.0481380224227905
1211.5094666383452,0.60575473,1768.9285714285732,0.6692866,17.530072450637817,0.6692866,0.60575473,1732.8342245989302,5900,0.0010090701,-3,5896,2.018140589569158,567.505126953125,0.0011337869,-0.010556593537330627,1.552907943725586,0.30027978350927054,-1362.6259765625,0.0010090701,0.0011337869,9.526090621948242,0.789353609085083
1076.272912788632,0.5381365,1768.8571428571443,0.60267127,17.217397689819336,0.60267127,0.5381365,788.6811294765855,6000,0.5341337,-3,5996,1068.2671957671964,338.4447021484375,0.58862436,0.12926526367664337,1.6584179401397705,0.31481602643372375,-1328.883056640625,0.5341337,0.58862436,9.969683647155762,0.9525271058082581
1082.7085278799968,0.54135424,1534.9000000000028,0.5943262,17.4379985332489,0.5943262,0.54135424,1125.244897959184,6100,0.39530334,-3,6096,790.6065934065932,784.5795288085938,0.4421978,-0.037056371569633484,1.568040370941162,0.3526156963116159,-1398.513427734375,0.39530334,0.4421978,9.857073783874512,0.7916085720062256
1051.601676910922,0.5258009,1504.4901960784312,0.5832424,17.550930500030518,0.5832424,0.5258009,612.4118738404442,6200,0.5574479,-3,6196,1114.8958333333333,408.22198486328125,0.6684028,0.02470315620303154,1.620448350906372,0.30159708651221306,-1392.681640625,0.5574479,0.6684028,10.551698684692383,0.47775930166244507
1346.3722796566183,0.6731862,1722.8571428571458,0.7356503,16.906906604766846,0.7356503,0.6731862,1298.5714285714296,6300,0.4718361,-3,6296,943.6722488038262,792.5432739257812,0.5420654,-0.09374655038118362,1.6358716487884521,0.2745919489661964,-1435.5294189453125,0.4718361,0.5420654,10.691036224365234,0.014686785638332367
698.7880141193684,0.349394,1221.9666666666678,0.38073602,16.77257537841797,0.38073602,0.349394,268.16051136363603,6400,0.7939495,-3,6396,1587.8991596638673,180.29150390625,0.87731093,0.1107238307595253,1.5324375629425049,0.2791887382457713,-1372.5421142578125,0.7939495,0.87731093,10.7889404296875,0.7359305620193481
1147.2386565158472,0.5736193,1767.4609375,0.630004,17.22228455543518,0.630004,0.5736193,1410.625,6500,0.35520265,-3,6496,710.4052287581684,636.963134765625,0.3869281,-0.20938463509082794,1.5060911178588867,0.3553161464887373,-1414.0537109375,0.35520265,0.3869281,9.910385131835938,0.8836760520935059
1249.266794964921,0.62463343,1811.9607843137255,0.7014613,17.1966450214386,0.7014613,0.62463343,1811.9607843137255,6600,0.7918384,-3,6596,1583.6769230769255,358.18365478515625,0.9246154,0.11696961522102356,1.6171207427978516,0.31430769748792814,-1493.86181640625,0.7918384,0.9246154,10.807027816772461,0.6237092018127441
1150.7742936093437,0.57538706,1630.1960784313733,0.63771355,17.02617073059082,0.63771355,0.57538706,895.2267573696159,6700,0.39458832,-3,6696,789.176470588237,311.2636413574219,0.42352942,0.04160642996430397,1.471937894821167,0.2538249966320307,-1509.3251953125,0.39458832,0.42352942,11.280162811279297,0.22164463996887207
1152.2745924571102,0.5761373,1761.9505494505509,0.6370319,17.16858172416687,0.6370319,0.5761373,749.6520146520137,6800,0.8108,-3,6796,1621.6000000000008,431.560546875,0.8964706,0.0749855786561966,1.5287830829620361,0.2747301659635208,-1487.175048828125,0.8108,0.8964706,12.19797134399414,0.4833332300186157
1192.185143192329,0.59609264,1782.857142857141,0.65629566,17.379317045211792,0.65629566,0.59609264,1782.857142857141,6900,0.43292975,-3,6896,865.8593749999993,582.8125610351562,0.4786932,0.0801629051566124,1.5199964046478271,0.2869367988798506,-1408.519775390625,0.43292975,0.4786932,10.702007293701172,0.42341387271881104
1123.4923661415107,0.56174624,1724.9725274725256,0.61509126,16.889654874801636,0.61509126,0.56174624,1724.9725274725256,7000,0.32868752,-3,6996,657.3750000000008,573.3576049804688,0.4115,-0.07712496817111969,1.5311956405639648,0.3379024060006467,-1371.631103515625,0.32868752,0.4115,10.348360061645508,0.9695001244544983
1063.630923546802,0.5318154,1611.5104166666683,0.5848812,16.897754669189453,0.5848812,0.5318154,1321.96875,7100,0.45896488,-3,7096,917.9297245963904,476.2319641113281,0.5175688,0.05508933961391449,1.5987038612365723,0.2889615889708487,-1501.5069580078125,0.45896488,0.5175688,11.6478853225708,0.2275775969028473
1011.4755726469766,0.5057378,1597.881944444443,0.5514236,17.508638858795166,0.5514236,0.5057378,238.9450056116723,7200,0.27487788,-3,7196,549.7556561085975,1166.58056640625,0.29502264,0.002304479479789734,1.5653610229492188,0.3158174110121557,-1430.615966796875,0.27487788,0.29502264,11.667083740234375,1.107636570930481
1391.836070956471,0.695918,1885.119047619045,0.7590143,17.244211435317993,0.7590143,0.695918,1409.2956349206377,7300,0.6135918,-3,7296,1227.1836734693907,210.87118530273438,0.66275513,0.0492992177605629,1.4832720756530762,0.3278749091242955,-1540.811279296875,0.6135918,0.66275513,11.711915969848633,0.8669050931930542
1010.0833720530111,0.50504166,1415.7843137254883,0.5486655,16.99009919166565,0.5486655,0.50504166,1091.363636363636,7400,0.7404562,-3,7396,1480.9126984126972,263.9697570800781,0.7916667,-0.22219662368297577,1.5802521705627441,0.3699073759748431,-1600.885986328125,0.7404562,0.7916667,12.362308502197266,0.953188955783844
1330.1472444902106,0.66507363,1691.1160714285716,0.72484136,17.140827178955078,0.72484136,0.66507363,1213.3775510204098,7500,0.571767,-3,7496,1143.533950617285,342.9704284667969,0.6126543,-0.20932716131210327,1.6129019260406494,0.5681621869591548,-1698.916748046875,0.571767,0.6126543,11.454948425292969,1.5696277618408203
1129.2792660080381,0.56463957,1879.5535714285716,0.6290597,17.547736883163452,0.6290597,0.56463957,1268.2873376623381,7600,0.8271429,-3,7596,1654.2857142857142,210.1507568359375,0.90625,0.04263214394450188,1.5327095985412598,0.5343906897459985,-1865.189697265625,0.8271429,0.90625,12.495760917663574,1.663712739944458
1286.51465258516,0.6432573,1699.7647058823563,0.70718646,17.78655219078064,0.70718646,0.6432573,1540.085470085467,7700,0.24093875,-3,7696,481.87757201645974,770.4703369140625,0.2649177,0.11673720926046371,1.4897525310516357,0.4422315345465461,-1864.213623046875,0.24093875,0.2649177,12.094954490661621,1.1581201553344727
1119.2777305342406,0.5596389,1720.6250000000032,0.60849494,17.554285287857056,0.60849494,0.5596389,778.6419753086432,7800,0.3828673,-3,7796,765.7347670250892,301.907470703125,0.43038324,0.02048370987176895,1.527831792831421,0.3756948219709392,-1747.94140625,0.3828673,0.43038324,11.543067932128906,1.024907112121582
1244.5229839516128,0.62226146,1612.7083333333348,0.67745495,16.99697494506836,0.67745495,0.62226146,1430.8150183150174,7900,0.568586,-3,7896,1137.172011661809,412.745361328125,0.6100583,-0.1750735491514206,1.6422057151794434,0.3685922131012353,-1735.5081787109375,0.568586,0.6100583,12.182254791259766,0.9833776950836182
1366.7600359471694,0.68338,1801.7410714285747,0.7542611,17.39032769203186,0.7542611,0.68338,1145.9490740740755,8000,0.93993753,-3,7996,1879.875,148.84072875976562,1.0,-0.1537959724664688,1.4471051692962646,0.3546035221345581,-1717.199951171875,0.93993753,1.0,12.20887565612793,1.3838119506835938
1050.974413510597,0.5254872,1682.9761904761942,0.58044213,16.74394130706787,0.58044213,0.5254872,791.7155067155076,8100,0.69825345,-3,8096,1396.5067873303149,220.57916259765625,0.75022626,0.021746665239334106,1.615222454071045,0.35279432987049125,-1668.73779296875,0.69825345,0.75022626,11.733125686645508,1.0847322940826416
1427.9425362641896,0.71397126,1740.2777777777753,0.7790289,17.574387073516846,0.7790289,0.71397126,1740.2777777777753,8200,0.5071562,-3,8196,1014.3125,259.69488525390625,0.559375,-0.01558469608426094,1.5052289962768555,0.3156947614285559,-1645.8668212890625,0.5071562,0.559375,11.20422077178955,0.5353832244873047
1132.2099450123744,0.566105,1590.3571428571438,0.6143288,17.19306182861328,0.6143288,0.566105,1485.0000000000027,8300,0.48104295,-3,8296,962.0860389610408,474.2943115234375,0.5275974,0.06153132766485214,1.500983715057373,0.3032829942881618,-1650.236328125,0.48104295,0.5275974,12.171590805053711,0.7700327634811401
1002.2225468796147,0.50111127,1702.5294117647036,0.5420013,16.991045475006104,0.5420013,0.50111127,351.8649350649358,8400,0.6104526,-3,8396,1220.904977375566,690.2880859375,0.6561086,0.05290195345878601,1.5843634605407715,0.29249519070459284,-1622.909423828125,0.6104526,0.6561086,12.609169960021973,1.2181295156478882
742.8767678151237,0.37143835,1341.5586419753108,0.40164763,17.152280807495117,0.40164763,0.37143835,822.5829725829732,8500,0.7604876,-3,8496,1520.9750566893415,385.172119140625,0.81519276,0.13533231616020203,1.480053186416626,0.2851177209842313,-1597.42578125,0.7604876,0.81519276,11.912888526916504,0.5353061556816101
1315.9530763925231,0.65797657,1645.250305250307,0.7158252,16.89888286590576,0.7158252,0.65797657,901.3494505494488,8600,0.47506943,-3,8596,950.1388888888894,333.735107421875,0.510101,-0.0023355986922979355,1.4790599346160889,0.2973222644424739,-1576.447998046875,0.47506943,0.510101,12.570062637329102,1.5682942867279053
1008.2865985535631,0.5041433,1394.9675324675331,0.545354,17.08900237083435,0.545354,0.5041433,407.4000000000002,8700,0.45138574,-3,8696,902.771428571428,244.60906982421875,0.50666666,-0.02668580785393715,1.621652364730835,0.34346213083502924,-1623.080810546875,0.45138574,0.50666666,11.687005043029785,0.3194819688796997
1257.1753367975978,0.62858766,1787.1657754010732,0.6795632,17.33379554748535,0.6795632,0.62858766,1215.9607843137271,8800,0.39176133,-3,8796,783.5225885225901,710.2306518554688,0.43818682,-0.3049028515815735,1.70723557472229,0.3289738691885285,-1572.593505859375,0.39176133,0.43818682,11.074195861816406,0.3017547130584717
1230.751686977958,0.6153759,1635.3021978021984,0.67269933,17.363667011260986,0.67269933,0.6153759,1343.8571428571413,8900,0.9245665,-3,8896,1849.1326530612207,635.8965454101562,0.997449,-0.15437500178813934,1.5457134246826172,0.4506736339712463,-1662.6693115234375,0.9245665,0.997449,11.741622924804688,0.8221781253814697
1089.1223209876541,0.54456115,1652.6166666666688,0.5938901,17.466252326965332,0.5938901,0.54456115,1464.7222222222233,9000,0.3840441,-3,8996,768.0883116883124,714.125,0.43012986,0.3667687177658081,1.5380399227142334,0.3999428911001965,-1649.3843994140625,0.3840441,0.43012986,11.981521606445312,0.28782421350479126
1331.8214309587472,0.6659107,1710.6770833333335,0.7266207,16.85287880897522,0.7266207,0.6659107,1585.4513888888919,9100,0.7388774,-3,9096,1477.755102040814,287.636474609375,0.8066893,-0.23807360231876373,1.4506056308746338,0.3654748809294843,-1578.101318359375,0.7388774,0.8066893,11.233642578125,0.35981905460357666
1576.8328281410172,0.7884164,1867.604166666669,0.85354996,17.38522982597351,0.85354996,0.7884164,1570.8627450980389,9200,0.80048215,-3,9196,1600.9645909645897,353.660888671875,0.8852259,0.2342594861984253,1.4624176025390625,0.3987960045979545,-1625.234619140625,0.80048215,0.8852259,12.207372665405273,0.6864897012710571
1165.3332335343043,0.58266664,1577.9375,0.6314634,16.97542691230774,0.6314634,0.58266664,1172.2767857142876,9300,0.5834673,-3,9296,1166.9345238095243,789.2066650390625,0.63467264,-0.39408692717552185,1.6461551189422607,0.5036598885801671,-1674.022705078125,0.5834673,0.63467264,10.407196044921875,0.5857594609260559
1254.6864675998595,0.62734324,1702.0089285714284,0.6819932,16.873899221420288,0.6819932,0.62734324,1584.125,9400,0.5700778,-3,9396,1140.1555555555537,498.42010498046875,0.60555553,0.14971502125263214,1.5775327682495117,0.7449522991852655,-2047.0565185546875,0.5700778,0.60555553,10.293750762939453,0.7881706953048706
1105.065212942863,0.5525326,1782.3051948051925,0.6047231,17.701751947402954,0.6047231,0.5525326,1582.9090909090876,9500,0.92507815,-3,9496,1850.1562500000023,308.562744140625,0.9973958,-0.05508645623922348,1.5170066356658936,0.6107051268264543,-2074.1962890625,0.92507815,0.9973958,11.778120040893555,1.1218348741531372
1035.8771422450495,0.51793855,1707.8999999999965,0.5709378,18.014034748077393,0.5709378,0.51793855,872.4253019707583,9600,0.43518293,-3,9596,870.3656220322874,289.7723083496094,0.47958216,0.09924964606761932,1.578392505645752,0.4575322942412838,-1900.08056640625,0.43518293,0.47958216,11.810144424438477,0.9476907253265381
1036.4670241565054,0.51823354,1695.2036199095037,0.56750894,17.33687424659729,0.56750894,0.51823354,1086.6269841269868,9700,0.22238281,-3,9696,444.765625,600.8150634765625,0.23828125,0.2577889859676361,1.413621425628662,0.3366770455609389,-1780.0997314453125,0.22238281,0.23828125,12.22181224822998,1.0158288478851318
1257.780633926259,0.6288903,1518.59375,0.6823614,17.315656900405884,0.6823614,0.6288903,818.3818181818185,9800,0.63450885,-3,9796,1269.0178571428578,286.2351989746094,0.68849206,0.08504049479961395,1.5096828937530518,0.320074889610831,-1693.8072509765625,0.63450885,0.68849206,12.33224868774414,1.0540995597839355
1403.4041529842739,0.701702,1765.8593750000023,0.7637864,17.18743348121643,0.7637864,0.701702,1748.8541666666688,9900,0.47832832,-3,9896,956.6566491359899,358.6068115234375,0.53249437,-0.11840230226516724,1.6573011875152588,0.32846046357727604,-1679.02099609375,0.47832832,0.53249437,12.212942123413086,0.7129825353622437
1282.882540099589,0.6414413,1845.4947916666667,0.69659674,17.495692491531372,0.69659674,0.6414413,1703.3999999999987,10000,0.7313521,-3,9996,1462.7040816326505,583.5135498046875,0.79846936,-0.17926329374313354,1.4154548645019531,0.27410692530713526,-1616.8074951171875,0.7313521,0.79846936,11.945630073547363,0.2960525155067444
1053.9909592289434,0.5269955,1553.616780045353,0.58235914,17.401032209396362,0.58235914,0.5269955,619.0901098901107,10100,0.8690985,-3,10096,1738.1971153846166,108.05964660644531,0.93509614,0.1302306205034256,1.5748333930969238,0.2640417624737436,-1527.02001953125,0.8690985,0.93509614,12.326033592224121,0.7461060285568237
1412.323815742967,0.70616186,1849.4531250000023,0.7659259,17.42614221572876,0.7659259,0.70616186,1301.3095238095254,10200,0.911875,-3,10196,1823.7500000000011,140.69564819335938,0.98197114,0.06327271461486816,1.5887737274169922,0.269604438120081,-1488.7890625,0.911875,0.98197114,11.998414039611816,0.6108846664428711
1075.9184565726516,0.5379592,1664.4967320261417,0.58945316,17.794641494750977,0.58945316,0.5379592,1004.0155844155863,10300,0.9275001,-3,10296,1854.9999999999961,410.000244140625,0.997449,-0.5873904228210449,1.5262925624847412,0.44228453732999506,-1603.9576416015625,0.9275001,0.997449,11.858294486999512,0.9024580717086792
1257.6106217509337,0.62880534,1648.2142857142867,0.68371433,17.371040105819702,0.68371433,0.62880534,1390.769230769231,10400,0.8129608,-3,10396,1625.9215686274536,266.55975341796875,0.872549,0.3052408993244171,1.529158592224121,0.399862613682615,-1686.19873046875,0.8129608,0.872549,12.494451522827148,1.019658088684082
1495.6100553371602,0.74780506,1712.2823529411733,0.81216365,17.940770864486694,0.81216365,0.74780506,901.941550925928,10500,0.46783328,-3,10496,935.6666666666675,367.11602783203125,0.5214286,0.09882806241512299,1.6135594844818115,0.33583960589182843,-1693.24560546875,0.46783328,0.5214286,13.41840934753418,0.2905026972293854
1252.213686213267,0.6261068,1760.8571428571397,0.6761474,17.294931650161743,0.6761474,0.6261068,1196.5429864253372,10600,0.71203125,-3,10596,1424.0625,215.32138061523438,0.77734375,-0.14692477881908417,1.5328178405761719,0.32183661033267813,-1673.659423828125,0.71203125,0.77734375,12.606820106506348,0.8042458295822144
1216.1668944002802,0.60808337,1673.9893048128329,0.66923356,17.39877676963806,0.66923356,0.60808337,1413.92857142857,10700,0.57026464,-3,10696,1140.5291005291022,294.66839599609375,0.6084656,0.15717895328998566,1.568162202835083,0.3207887530693008,-1683.522705078125,0.57026464,0.6084656,12.57598876953125,1.264032244682312
1285.2724632378838,0.64263624,1882.357142857143,0.6976693,17.551047801971436,0.6976693,0.64263624,589.6619047619048,10800,0.9213799,-3,10796,1842.75974025974,243.7765350341797,0.9983766,0.05978638306260109,1.534794807434082,0.3323892731704904,-1716.1875,0.9213799,0.9983766,13.185951232910156,0.5022955536842346
1265.839423550306,0.63291967,1852.2142857142858,0.68388194,17.31672739982605,0.68388194,0.63291967,1388.5588235294128,10900,0.7682846,-3,10896,1536.5694444444468,713.0296630859375,0.8277778,-0.07024993002414703,1.6330671310424805,0.3041096491150444,-1751.7518310546875,0.7682846,0.8277778,12.630998611450195,0.70084547996521
1231.4282589147344,0.61571413,1712.7058823529435,0.67366916,17.18299627304077,0.67366916,0.61571413,1712.7058823529435,11000,0.5762646,-3,10996,1152.529296875,138.50628662109375,0.62646484,0.03078855201601982,1.4845430850982666,0.2504336010038275,-1676.6192626953125,0.5762646,0.62646484,13.561758041381836,0.9932321310043335
1234.1084121155586,0.61705416,1854.523809523807,0.6693345,16.997472524642944,0.6693345,0.61705416,1539.1326530612275,11100,0.55890626,-3,11096,1117.8125,324.193603515625,0.596875,-0.20426906645298004,1.3583941459655762,0.25501696021106773,-1583.5577392578125,0.55890626,0.596875,12.894478797912598,0.6152846813201904
1071.3843520021642,0.5356922,1690.5902777777746,0.58264756,17.3028781414032,0.58264756,0.5356922,876.212500000001,11200,0.45567185,-3,11196,911.3437796771149,384.63104248046875,0.5023742,-0.03576566278934479,1.6018471717834473,0.25636813393753305,-1596.3369140625,0.45567185,0.5023742,12.230879783630371,0.5353452563285828
1190.869449099512,0.5954347,1702.34375,0.6467324,17.22084951400757,0.6467324,0.5954347,668.3760683760689,11300,0.58367187,-3,11296,1167.3437499999977,295.4854431152344,0.6345486,0.14856982231140137,1.5225985050201416,0.26888650503540823,-1584.3543701171875,0.58367187,0.6345486,12.992213249206543,0.9964224100112915
1250.4751157623214,0.6252375,1583.53846153846,0.6745894,17.366315126419067,0.6745894,0.6252375,1318.6078431372562,11400,0.64076525,-3,11396,1281.5306122448985,568.3777465820312,0.6979592,-0.11374282836914062,1.4883246421813965,0.3253724852649788,-1673.177734375,0.64076525,0.6979592,12.86589241027832,1.080220341682434
1321.446368299228,0.66072315,1835.0347222222204,0.7243605,17.14549160003662,0.7243605,0.66072315,1102.3313492063494,11500,0.33779937,-3,11496,675.5987654320986,334.95758056640625,0.37839505,0.09157726168632507,1.537794589996338,0.41011311118455585,-1718.6630859375,0.33779937,0.37839505,12.581247329711914,1.338378667831421
1155.9150496649797,0.5779575,1621.0533910533923,0.6259311,17.2844877243042,0.6259311,0.5779575,633.5999999999998,11600,0.7632899,-3,11596,1526.5798611111136,187.04022216796875,0.8168403,0.21386444568634033,1.631044864654541,0.42386642214264225,-1721.4765625,0.7632899,0.8168403,13.414341926574707,1.1010429859161377
1143.2860461364467,0.571643,1673.5058823529412,0.62236416,17.183732986450195,0.62236416,0.571643,1252.79761904762,11700,0.39679095,-3,11696,793.5817307692312,154.75274658203125,0.44871795,-0.404532790184021,1.757194995880127,0.5829002659464371,-1768.54931640625,0.39679095,0.44871795,11.726405143737793,1.1988334655761719
1282.3911851410917,0.64119554,1762.1818181818212,0.7030565,17.172206163406372,0.7030565,0.64119554,823.1547619047628,11800,0.42207813,-3,11796,844.1563786008248,195.17794799804688,0.45936215,0.3535522222518921,1.5183420181274414,0.4667421607749376,-1822.452392578125,0.42207813,0.45936215,12.316330909729004,1.4651687145233154
1274.695366819277,0.63734764,1726.8749999999989,0.69713145,17.213045358657837,0.69713145,0.63734764,851.0158262789847,11900,0.41415116,-3,11896,828.3023786249582,495.8289794921875,0.4591072,0.1391696333885193,1.5290184020996094,0.30418043751393437,-1670.107666015625,0.41415116,0.4591072,12.008369445800781,0.7530125379562378
1332.8543440535946,0.66642714,1704.4369747899148,0.72718054,17.184407711029053,0.72718054,0.66642714,1327.9700854700861,12000,0.5633377,-3,11996,1126.6753472222229,281.0274963378906,0.6119792,-0.3300812244415283,1.5173954963684082,0.31445506136835066,-1658.66455078125,0.5633377,0.6119792,11.892313957214355,0.7262926697731018
1019.0029122819979,0.50950146,1676.7399267399292,0.55921924,17.5351984500885,0.55921924,0.50950146,1211.6536458333333,12100,0.2292813,-3,12096,458.5625,240.38475036621094,0.246875,0.11135810613632202,1.440490961074829,0.31791751057267087,-1653.8465576171875,0.2292813,0.246875,11.610414505004883,0.696286678314209
1308.9877724485555,0.6544939,1736.814479638006,0.7288005,18.002312421798706,0.7288005,0.6544939,1065.2281393819853,12200,0.63045764,-3,12196,1260.9151785714273,265.7829284667969,0.68526787,0.04906674474477768,1.4859564304351807,0.29857668150228284,-1635.501220703125,0.63045764,0.68526787,12.394586563110352,0.7554045915603638
1394.5909556913473,0.6972955,1627.0312500000018,0.7619422,17.32909369468689,0.7619422,0.6972955,1171.2413194444441,12300,0.49504074,-3,12296,990.0816326530637,671.5868530273438,0.53775513,0.06468622386455536,1.4746320247650146,0.2838765204671679,-1531.91015625,0.49504074,0.53775513,12.306756019592285,1.0756404399871826
984.1399167094108,0.49206996,1745.8823529411768,0.5362667,17.344363689422607,0.5362667,0.49206996,1425.539682539685,12400,0.64084244,-3,12396,1281.6849816849813,513.8016357421875,0.6862027,0.019658192992210388,1.4809253215789795,0.25542321588432315,-1545.227783203125,0.64084244,0.6862027,12.31744384765625,0.8387416005134583
1106.1948357319066,0.5530974,1639.02494331066,0.61005414,17.377389192581177,0.61005414,0.5530974,1440.7539682539668,12500,0.22232097,-3,12496,444.64187327823754,424.456298828125,0.24655648,-0.16949701309204102,1.6264164447784424,0.2575877036214431,-1515.0390625,0.22232097,0.24655648,11.762545585632324,0.4094460606575012
1377.5309726397686,0.6887655,1849.1964285714284,0.74660134,17.559004068374634,0.74660134,0.6887655,1695.45,12600,0.8271429,-3,12596,1654.2857142857126,294.58892822265625,0.88857144,-0.3165522515773773,1.5759921073913574,0.3837205007121875,-1634.380615234375,0.8271429,0.88857144,12.176765441894531,1.0985561609268188
1274.8136099508763,0.6374068,1692.5882352941212,0.70920664,17.449525356292725,0.70920664,0.6374068,1692.5882352941212,12700,0.4661041,-3,12696,932.2078853046609,541.0435791015625,0.5121864,0.2039749026298523,1.4941051006317139,0.3445031263630083,-1764.693603515625,0.4661041,0.5121864,13.415277481079102,1.1184353828430176
54.08533571691462,0.027042672,303.6921850079742,0.02970553,16.633816480636597,0.02970553,0.027042672,0.0,12800,0.0,-3,12796,0.0,3890.38916015625,0.0,-0.934576690196991,1.308133602142334,0.4832151080214718,-2042.02099609375,0.0,0.0,11.403778076171875,1.182171106338501
413.5263961411989,0.20676321,824.128342245989,0.2370621,16.695357084274292,0.2370621,0.20676321,602.3852040816331,12900,0.22672503,-3,12896,453.44999999999936,1210.21484375,0.27,-1.602074146270752,1.4423024654388428,0.8300136909028174,-2406.724609375,0.22672503,0.27,10.795267105102539,1.1440353393554688
865.2437214613407,0.43262187,1522.2361111111097,0.47028112,17.15921115875244,0.47028112,0.43262187,525.2083333333327,13000,0.297487,-3,12996,594.9739583333335,1361.8074951171875,0.3216146,-0.837810754776001,1.5093493461608887,1.3427648821681122,-3866.10107421875,0.297487,0.3216146,9.865508079528809,1.3387768268585205
1275.0358015962797,0.6375179,1703.4374999999968,0.6925148,16.904847383499146,0.6925148,0.6375179,1703.4374999999968,13100,0.59666663,-3,13096,1193.3333333333335,1346.7283935546875,0.640625,-0.370804101228714,1.5300333499908447,1.6260444408621346,-3782.168212890625,0.59666663,0.640625,9.752984046936035,1.5870914459228516
1042.6393642600087,0.5213197,1774.1927083333333,0.5688324,16.94344711303711,0.5688324,0.5213197,878.7637362637358,13200,0.60586315,-3,13196,1211.726190476192,1017.9290161132812,0.6577381,0.5994164347648621,1.6340265274047852,1.2047015045030278,-3363.59423828125,0.60586315,0.6577381,9.006551742553711,1.4161208868026733
1188.357617858117,0.59417886,1742.0357142857129,0.65369266,17.16072702407837,0.65369266,0.59417886,1028.2291666666672,13300,0.5879828,-3,13296,1175.9656084656071,1177.1998291015625,0.63756615,0.2778134346008301,1.6515986919403076,0.8623832330031025,-2891.07666015625,0.5879828,0.63756615,9.618465423583984,1.5040653944015503
1004.1172195179854,0.5020586,1723.4666666666667,0.54517215,17.540095567703247,0.54517215,0.5020586,571.8819776714518,13400,0.44519532,-3,13396,890.390625,1309.883056640625,0.484375,0.27556097507476807,1.5379724502563477,0.6789394167548684,-2398.11767578125,0.44519532,0.484375,9.530279159545898,1.2191708087921143
1002.522132001746,0.50126106,1668.8556149732622,0.55201465,17.195093154907227,0.55201465,0.50126106,1631.3277310924366,13500,0.048782464,-3,13496,97.56493506493513,1582.446044921875,0.055194806,0.01681869849562645,1.4467639923095703,0.5904749524588979,-2085.3330078125,0.048782464,0.055194806,8.840412139892578,0.8558704853057861
1055.9791576743587,0.52798957,1810.99206349206,0.57804716,17.17877507209778,0.57804716,0.52798957,1810.99206349206,13600,0.53724056,-3,13596,1074.481283422458,1023.76513671875,0.5764706,0.09942486882209778,1.5542147159576416,0.5242412504560358,-1803.6158447265625,0.53724056,0.5764706,8.94740104675293,1.4638628959655762
1212.8134892825005,0.60640675,1774.9321266968302,0.6625746,17.482781648635864,0.6625746,0.60640675,981.1538461538471,13700,0.7185451,-3,13696,1437.089947089948,823.102783203125,0.7804233,-0.18107664585113525,1.5988705158233643,0.6542989730980303,-1644.39208984375,0.7185451,0.7804233,8.075031280517578,0.9084054827690125
1144.9728983238474,0.57248646,1814.178571428568,0.62667805,17.682677268981934,0.62667805,0.57248646,1079.3725490196093,13800,0.9234523,-3,13796,1846.9047619047594,650.43212890625,0.9970238,0.13011959195137024,1.5089809894561768,0.5215521461399955,-1592.0113525390625,0.9234523,0.9970238,8.725040435791016,0.7337328195571899
1213.130472479364,0.6065653,1641.505882352943,0.6626473,17.28436279296875,0.6626473,0.6065653,1641.505882352943,13900,0.3695314,-3,13896,739.062881562881,905.9804077148438,0.42933455,-0.028174154460430145,1.660064697265625,0.46029688096660476,-1582.576416015625,0.3695314,0.42933455,9.7284574508667,1.034148931503296
1332.518060728953,0.6662591,1765.565476190474,0.7298893,17.639511108398438,0.7298893,0.6662591,1093.090277777778,14000,0.76632655,-3,13996,1532.6530612244917,1481.21240234375,0.84183675,0.025047339498996735,1.4835944175720215,0.5028492238605734,-1681.3004150390625,0.76632655,0.84183675,10.787148475646973,0.789265513420105
944.2262680021382,0.47211313,1681.1764705882347,0.5157937,17.57208776473999,0.5157937,0.47211313,1116.940104166666,14100,0.0,-3,14096,0.0,340.62451171875,0.0,-0.1549350470304489,1.4915406703948975,0.39560521152218026,-1622.744140625,0.0,0.0,9.936227798461914,0.7886712551116943
927.535291855204,0.46376765,1688.901960784311,0.5147317,17.11182975769043,0.5147317,0.46376765,600.5949999999998,14200,0.77954996,-3,14196,1559.1000000000026,606.2568359375,0.835,-0.33439454436302185,1.5778589248657227,0.4768351371049724,-1671.9830322265625,0.77954996,0.835,10.814382553100586,1.0795295238494873
227.61390527461944,0.113806956,1004.7588126159555,0.13164207,17.17144203186035,0.13164207,0.113806956,1004.7588126159555,14300,0.2974405,-3,14296,594.8809523809525,2030.139892578125,0.7638889,-0.47135740518569946,1.5096163749694824,0.5124235195851241,-1828.0999755859375,0.2974405,0.7638889,9.611719131469727,0.753962516784668
0.0,0.0,0.0,0.0,17.021525144577026,0.0,0.0,0.0,14400,0.0,-3,14396,0.0,37365.20703125,0.0,-0.5001012682914734,1.5289652347564697,0.7164480985490195,-2231.23095703125,0.0,0.0,9.414375305175781,-0.3813425302505493
5.576195054945051,0.0027880974,23.205128205128187,0.0031749848,17.126081228256226,0.0031749848,0.0027880974,0.0,14500,0.0,-3,14496,0.0,50686.6796875,0.0,-1.629655361175537,1.562258005142212,1.161171423237906,-2585.5390625,0.0,0.0,8.903474807739258,0.24661624431610107
27.51623376623378,0.013758116,275.1623376623378,0.025162335,16.779502868652344,0.025162335,0.013758116,0.0,14600,0.0,-3,14596,0.0,8325.9091796875,0.0,-1.7131474018096924,1.577174425125122,1.9495574726450784,-3364.1728515625,0.0,0.0,7.889883041381836,0.5242019891738892
37.06541666666668,0.018532706,370.6541666666668,0.022104166,17.793944120407104,0.022104166,0.018532706,370.6541666666668,14700,0.11562251,-3,14696,231.2449999999996,18986.474609375,0.146,0.029542624950408936,1.5890038013458252,2.8824861941726865,-3957.987060546875,0.11562251,0.146,6.63142728805542,1.201979637145996
176.36908936651585,0.08818455,491.0000000000003,0.116498366,17.567254066467285,0.116498366,0.08818455,146.9542483660128,14800,0.0,-3,14796,0.0,8813.1533203125,0.0,-0.20303477346897125,1.474740743637085,2.625846341539572,-3627.90283203125,0.0,0.0,5.317403316497803,0.9263085126876831
72.32538613851013,0.036162693,494.95464852607614,0.04266848,17.163106441497803,0.04266848,0.036162693,0.0,14900,0.0002867547,-3,14896,0.5735093309057818,11466.802734375,0.0003413746,0.9659391641616821,1.647587776184082,2.7129265698410423,-3225.65234375,0.0002867547,0.0003413746,4.433623313903809,0.9954752326011658
9.530000000000012,0.004765,95.30000000000011,0.005125,16.625887632369995,0.005125,0.004765,0.0,15000,0.0,-3,14996,0.0,6241.5302734375,0.0,-0.6374844312667847,1.516221523284912,2.2873781115108374,-3171.0439453125,0.0,0.0,3.446312427520752,0.6840262413024902
0.0,0.0,0.0,0.0,16.378469944000244,0.0,0.0,0.0,15100,0.0,-3,15096,0.0,4762.3291015625,0.0,-0.08711843192577362,1.4425926208496094,2.5595666555264875,-2930.4912109375,0.0,0.0,2.735297918319702,1.1698896884918213
189.29414758529708,0.09464708,1490.8516483516466,0.11700048,16.916948795318604,0.11700048,0.09464708,7.7678571428571495,15200,7.964954e-06,-3,15196,0.01592990840302668,5361.7275390625,0.0,0.3666069507598877,1.4273650646209717,2.329520349291872,-2803.65625,7.964954e-06,0.0,1.2216546535491943,0.16810326278209686
359.76420939763915,0.17988211,847.8566308243717,0.20450911,17.566447257995605,0.20450911,0.17988211,251.01950680897997,15300,0.05125,-3,15296,102.49999999999983,5788.70703125,0.06911765,0.375355064868927,1.560032844543457,2.9360306918020878,-2874.28759765625,0.05125,0.06911765,1.5564208030700684,1.200150728225708
960.7294809643605,0.48036474,1510.7812500000014,0.5556334,17.457581996917725,0.5556334,0.48036474,1422.7083333333342,15400,0.38827148,-3,15396,776.5429864253404,2135.17919921875,0.42081448,0.6826911568641663,1.480881690979004,1.9898277026717932,-2457.109130859375,0.38827148,0.42081448,1.9090999364852905,1.169468641281128
761.0945284671758,0.38054726,1438.3214285714282,0.44681492,17.295742511749268,0.44681492,0.38054726,1254.1758241758228,15500,0.3973661,-3,15496,794.7321428571412,2296.153564453125,0.46737638,0.7108173370361328,1.5164096355438232,1.5639307589293598,-2300.05615234375,0.3973661,0.46737638,2.198674440383911,0.8636902570724487
0.0,0.0,0.0,0.0,17.561874389648438,0.0,0.0,0.0,15600,0.0028685897,-3,15596,5.737179487179489,1440.224609375,0.008547009,1.3490748405456543,1.490588903427124,1.4840499707799442,-2193.68115234375,0.0028685897,0.008547009,2.4639225006103516,1.498130202293396
490.39785337323866,0.24519894,1291.9179894179867,0.3134707,16.844810485839844,0.3134707,0.24519894,0.0,15700,0.258699,-3,15696,517.3979591836727,1354.54931640625,0.31760204,0.8361660838127136,1.4383790493011475,1.0545276193944566,-1684.8858642578125,0.258699,0.31760204,2.2663354873657227,1.7115569114685059
925.5035078378994,0.46275175,1566.3571428571422,0.51660657,16.769884824752808,0.51660657,0.46275175,1154.228395061727,15800,0.59733576,-3,15796,1194.671445639186,4070.87890625,0.72361606,0.3596627116203308,1.530250072479248,0.8594865912206072,-1464.951171875,0.59733576,0.72361606,3.567964553833008,1.604222297668457
551.5970524062899,0.27579853,1358.5158371040739,0.32514352,17.882301092147827,0.32514352,0.27579853,540.9934065934062,15900,0.5875794,-3,15896,1175.1587301587301,661.9832763671875,0.712963,0.08330811560153961,1.6449530124664307,0.8501891457211372,-1294.7425537109375,0.5875794,0.712963,3.6388134956359863,1.8249197006225586
0.0,0.0,0.0,0.0,17.127907514572144,0.0,0.0,0.0,16000,0.0,-3,15996,0.0,2743.70751953125,0.0,-1.1430697441101074,1.5170071125030518,1.122073511940465,-2354.921630859375,0.0,0.0,4.577770233154297,1.5415570735931396
0.0,0.0,0.0,0.0,17.387324333190918,0.0,0.0,0.0,16100,0.0,-3,16096,0.0,4529.25732421875,0.0,-0.07439305633306503,1.5632643699645996,1.4300277920846094,-2375.987060546875,0.0,0.0,3.2566092014312744,1.872388482093811
0.0,0.0,0.0,0.0,17.38192892074585,0.0,0.0,0.0,16200,0.0,-3,16196,0.0,2614.16845703125,0.0,0.25087934732437134,1.4200623035430908,1.053370447684707,-1897.987060546875,0.0,0.0,3.466987133026123,1.7966198921203613
0.0,0.0,0.0,0.0,17.081257820129395,0.0,0.0,0.0,16300,0.033562493,-3,16296,67.125,1604.82080078125,0.0375,0.6902409791946411,1.4109160900115967,0.926473111709411,-1644.873046875,0.033562493,0.0375,4.587982177734375,1.9333422183990479
8.114583333333332,0.0040572914,81.14583333333331,0.0049479166,17.47071862220764,0.0049479166,0.0040572914,81.14583333333331,16400,0.0,-3,16396,0.0,2431.152587890625,0.0,-0.2149817943572998,1.4854435920715332,1.386151365125597,-1909.962646484375,0.0,0.0,3.470432758331299,1.1819133758544922
78.12510302197788,0.039062556,775.8894230769217,0.04739183,16.556425094604492,0.04739183,0.039062556,0.0,16500,0.0,-3,16496,0.0,1444.26416015625,0.0,-0.4332365393638611,1.5410537719726562,0.9569138869241672,-1649.1533203125,0.0,0.0,2.2786865234375,1.8392858505249023
245.67275543850815,0.12283638,977.1590909090909,0.13791308,17.51836109161377,0.13791308,0.12283638,11.433998100664773,16600,0.0,-3,16596,0.0,824.3626708984375,0.0,-0.12600301206111908,1.4264123439788818,0.8167329339537773,-1553.655517578125,0.0,0.0,1.670567274093628,1.5193569660186768
0.0,0.0,0.0,0.0,17.261573791503906,0.0,0.0,0.0,16700,0.0,-3,16696,0.0,804.462890625,0.0,-0.40465760231018066,1.5882813930511475,0.7626904227625648,-1513.01318359375,0.0,0.0,2.741100311279297,1.8159358501434326
547.0146867877031,0.2735074,1419.062500000001,0.32287517,17.15177083015442,0.32287517,0.2735074,762.9500000000007,16800,0.0035294117,-3,16796,7.0588235294117565,503.84844970703125,0.003921569,0.22189463675022125,1.5472757816314697,0.5814622883796198,-1246.8250732421875,0.0035294117,0.003921569,2.1920249462127686,1.8468924760818481
434.3477003353789,0.21717386,1249.4285714285722,0.25270775,16.75581121444702,0.25270775,0.21717386,750.8238636363632,16900,0.40277934,-3,16896,805.5586080586096,477.0594482421875,0.46153846,-0.1032634824514389,1.5103814601898193,0.5575751832181022,-1037.725830078125,0.40277934,0.46153846,2.540146827697754,2.08817720413208
629.0604155870753,0.31453022,1055.3650793650809,0.36297947,18.411251544952393,0.36297947,0.31453022,1055.3650793650809,17000,0.4946499,-3,16996,989.2999999999986,386.1000671386719,0.64,-0.16985614597797394,1.5821197032928467,0.6662009779335998,-994.5765380859375,0.4946499,0.64,1.9606980085372925,2.0828330516815186
899.6153655226938,0.4498077,1230.3645833333333,0.5169882,17.17215085029602,0.5169882,0.4498077,1131.5111111111114,17100,0.5323724,-3,17096,1064.7450980392139,851.1676025390625,0.6019608,0.16433587670326233,1.4843993186950684,0.5851986300303789,-1020.2957763671875,0.5323724,0.6019608,2.556647300720215,1.8124492168426514
146.17424332935093,0.07308711,980.6944444444457,0.10162969,17.243842601776123,0.10162969,0.07308711,0.0,17200,0.0,-3,17196,0.0,1167.3843994140625,0.0,0.7001588940620422,1.5456416606903076,0.6359348328000707,-1151.817626953125,0.0,0.0,3.5703258514404297,2.135709524154663
841.634660114046,0.42081735,1515.5102040816341,0.47237372,17.179375410079956,0.47237372,0.42081735,985.6256684491971,17300,0.47674605,-3,17296,953.4920634920642,571.9021606445312,0.5923521,0.2855343222618103,1.645613431930542,0.47533972825987586,-1041.96728515625,0.47674605,0.5923521,4.364017486572266,2.3508636951446533
959.4012281059307,0.47970062,1399.6590909090928,0.53321683,17.429337739944458,0.53321683,0.47970062,1055.214285714284,17400,0.7598702,-3,17396,1519.7402597402586,750.54736328125,0.8668831,0.312719464302063,1.5420362949371338,0.41514913359420974,-1014.4873046875,0.7598702,0.8668831,4.63865852355957,2.478125810623169
1109.2596460294278,0.5546298,1473.293650793653,0.6193185,17.307737112045288,0.6193185,0.5546298,821.6117216117203,17500,0.52806515,-3,17496,1056.130298273155,483.35089111328125,0.64403456,-0.17256301641464233,1.5268595218658447,0.4042576621358972,-1090.6202392578125,0.52806515,0.64403456,5.800051689147949,2.2320921421051025
693.794035850268,0.34689704,1386.7307692307668,0.4074543,18.093369960784912,0.4074543,0.34689704,974.2261904761908,17600,0.2937479,-3,17596,587.495798319327,381.8716125488281,0.34789917,0.05123959481716156,1.4286038875579834,0.3973694167440178,-1077.6199951171875,0.2937479,0.34789917,6.401713848114014,2.2763404846191406
920.2129052197803,0.46010643,1205.9432234432252,0.5239764,17.591148138046265,0.5239764,0.46010643,1112.8124999999989,17700,0.4396312,-3,17696,879.2621664050218,756.990234375,0.5047096,0.037150442600250244,1.472764015197754,0.3530232970436945,-1125.009033203125,0.4396312,0.5047096,7.214568138122559,2.1154093742370605
1149.110507114347,0.5745553,1680.5000000000025,0.64929944,17.484867095947266,0.64929944,0.5745553,1077.6541666666676,17800,0.6742602,-3,17796,1348.520426941479,787.939453125,0.8095326,-0.1682286560535431,1.7479567527770996,0.3640345348321366,-1171.876220703125,0.6742602,0.8095326,7.945054054260254,2.0327837467193604
1040.0783980001097,0.5200392,1611.4509803921599,0.5910724,17.288341522216797,0.5910724,0.5200392,1109.7549999999997,17900,0.3240964,-3,17896,648.192859771807,1010.66259765625,0.3790946,0.05701131746172905,1.650890588760376,0.3461842842793414,-1204.776123046875,0.3240964,0.3790946,8.62121295928955,1.5243760347366333
933.4318797818918,0.46671593,1578.2812500000011,0.5279061,17.173044204711914,0.5279061,0.46671593,1253.9860139860127,18000,0.0,-3,17996,0.0,485.24151611328125,0.0,-0.037357889115810394,1.4829034805297852,0.2693079698987785,-1223.9793701171875,0.0,0.0,9.527488708496094,2.232638359069824
996.0521493565375,0.49802607,1651.8333333333333,0.5914839,17.461933374404907,0.5914839,0.49802607,1651.8333333333333,18100,0.0,-3,18096,0.0,1145.17626953125,0.0,-0.43959763646125793,1.499258041381836,0.39439698719215127,-1362.3946533203125,0.0,0.0,9.829792022705078,1.9102228879928589
330.42269825268806,0.16521136,1338.9892473118266,0.191016,16.894455432891846,0.191016,0.16521136,0.0,18200,0.5615625,-3,18196,1123.125,2489.373291015625,0.671875,0.28898173570632935,1.4705631732940674,0.4728642571130487,-1503.1240234375,0.5615625,0.671875,9.29434585571289,2.2462422847747803
1116.743645831578,0.55837184,1621.1200000000013,0.63650584,17.062119960784912,0.63650584,0.55837184,1439.4285714285706,18300,0.4875833,-3,18296,975.1666666666666,358.7884521484375,0.6111905,0.29817402362823486,1.620955228805542,0.5369028618453884,-1505.396728515625,0.4875833,0.6111905,9.560258865356445,2.1208767890930176
918.7389430708183,0.45936948,1391.7045454545464,0.5196374,17.769335985183716,0.5196374,0.45936948,919.5757020757004,18400,0.36491486,-3,18396,729.8295454545444,1840.502197265625,0.3934659,0.15189224481582642,1.483851671218872,0.4399036031612551,-1442.849853515625,0.36491486,0.3934659,9.420278549194336,2.0915722846984863
974.9472233737264,0.48747364,1664.3125,0.5574166,17.8392071723938,0.5574166,0.48747364,1151.0459433040094,18500,0.7057271,-3,18496,1411.454081632653,1780.34814453125,0.8405612,-0.18690864741802216,1.486241102218628,0.357088212828798,-1312.9573974609375,0.7057271,0.8405612,8.080652236938477,1.395259976387024
290.1188616071428,0.14505942,1627.6339285714284,0.1627604,16.816734552383423,0.1627604,0.14505942,444.92187499999955,18600,0.0,-3,18596,0.0,1556.8707275390625,0.0,0.12033297121524811,1.4721550941467285,0.3269804190264963,-1352.8907470703125,0.0,0.0,9.066326141357422,1.935847282409668
993.2797364551877,0.49663985,1439.76470588235,0.582167,16.969321250915527,0.582167,0.49663985,767.9553571428562,18700,0.5698639,-3,18696,1139.7278911564629,1630.1668701171875,0.8426871,-0.21479174494743347,1.6507012844085693,0.33323583974994947,-1204.0523681640625,0.5698639,0.8426871,8.268917083740234,1.653602123260498
1003.2714637124703,0.5016357,1690.0625,0.5890876,17.952937841415405,0.5890876,0.5016357,845.8024691358022,18800,0.59655905,-3,18796,1193.118131868132,1203.3583984375,0.7379808,-0.1629418432712555,1.5387964248657227,0.33980284321091586,-1207.3431396484375,0.59655905,0.7379808,7.812035083770752,1.1147631406784058
1120.4627703519252,0.5602313,1680.5357142857158,0.6393566,17.134596586227417,0.6393566,0.5602313,1279.1145833333333,18900,0.38589278,-3,18896,771.7857142857138,2049.4208984375,0.57857144,-0.00706598162651062,1.4226727485656738,0.3799098271679224,-1294.0966796875,0.38589278,0.57857144,9.38037395477295,1.4861781597137451
1099.531131334543,0.5497655,1730.1339285714273,0.61824614,17.610280513763428,0.61824614,0.5497655,1387.6953125,19000,0.5673999,-3,18996,1134.800000000001,1599.3359375,0.70363635,0.008049719035625458,1.616283655166626,0.3218518322820848,-1297.676025390625,0.5673999,0.70363635,8.155872344970703,1.1611675024032593
1310.0973898904408,0.6550488,1755.5142857142837,0.73446417,18.17881751060486,0.73446417,0.6550488,1210.25390625,19100,0.6385119,-3,19096,1277.0238095238087,1307.905029296875,0.82275134,0.05695239081978798,1.6658332347869873,0.29238314676123267,-1286.488037109375,0.6385119,0.82275134,8.336777687072754,1.3728535175323486
1068.5485800385625,0.5342743,1796.0677083333312,0.5915867,17.24216389656067,0.5915867,0.5342743,400.64814814814883,19200,0.39837265,-3,19196,796.7450980392163,600.3361206054688,0.42941177,-0.10200711339712143,1.4010725021362305,0.289623490380378,-1314.44384765625,0.39837265,0.42941177,9.206799507141113,0.8551943302154541
1091.7484208045591,0.5458742,1654.6428571428555,0.600284,17.168838262557983,0.600284,0.5458742,1380.9722222222233,19300,0.15921877,-3,19296,318.4375,697.8385620117188,0.1703125,0.07249525934457779,1.4574532508850098,0.31111223392532195,-1352.825927734375,0.15921877,0.1703125,9.573264122009277,1.0257045030593872
1171.6680767271398,0.5858341,1819.5982142857124,0.661591,17.59230136871338,0.661591,0.5858341,566.4520202020208,19400,0.5172144,-3,19396,1034.4290123456783,458.1715087890625,0.5493827,0.1939079761505127,1.6224241256713867,0.2785050357632366,-1414.746826171875,0.5172144,0.5493827,11.105472564697266,0.8272213935852051
1014.5970173556605,0.5072985,1704.776785714287,0.5526167,17.417309284210205,0.5526167,0.5072985,1192.708333333334,19500,0.56997675,-3,19496,1139.9536178107587,605.7969970703125,0.6697588,-0.08384328335523605,1.4630012512207031,0.2911315863001572,-1361.8226318359375,0.56997675,0.6697588,9.899949073791504,1.151139736175537
921.1964433202293,0.46059823,1469.0476190476204,0.5119592,16.950650930404663,0.5119592,0.46059823,1078.9599999999975,19600,0.5129854,-3,19596,1025.9709821428562,1359.191162109375,0.6333705,0.006042607128620148,1.489579439163208,0.2748880492401995,-1388.112060546875,0.5129854,0.6333705,11.428104400634766,1.27017343044281
1308.703849531655,0.65435195,1818.7301587301608,0.72346705,17.23741126060486,0.72346705,0.65435195,1118.4999999999989,19700,0.6048711,-3,19696,1209.7420634920634,770.777099609375,0.75843257,-0.013797679916024208,1.511152982711792,0.2306538451824524,-1331.773193359375,0.6048711,0.75843257,9.99520206451416,1.1034449338912964
1046.3083441836902,0.5231542,1578.4201680672252,0.58021224,17.62253737449646,0.58021224,0.5231542,216.46634615384642,19800,0.42540917,-3,19796,850.8184523809507,541.8455200195312,0.4590774,-0.059251680970191956,1.5843231678009033,0.23112311045309616,-1377.5780029296875,0.42540917,0.4590774,10.784416198730469,0.9570713043212891
1092.3617121132127,0.5461809,1796.7843137254922,0.5972092,17.600863695144653,0.5972092,0.5461809,731.8005952380945,19900,0.4730729,-3,19896,946.1458333333337,2192.55078125,0.5625,0.030857142060995102,1.7514982223510742,0.25309688378801526,-1423.6549072265625,0.4730729,0.5625,11.015417098999023,0.9762686491012573
