episode,step,x,y,z,grip
0,0,0.60694055,-0.41843119,-0.39974404,0.38981785
0,1,0.74925794,-0.90977932,-0.46576748,0.19460429
0,2,1.71121951,-0.11820787999999993,-0.85350508,0.57406774
0,3,2.69744849,0.4766060700000001,-1.24572507,0.74220846
0,4,3.68423954,0.5690355500000001,-1.83327441,0.5073509
0,5,4.67702549,1.55379845,-2.66193695,0.48338682
0,6,5.67483755,1.1093494499999998,-2.15273047,0.8473024
0,7,5.1803463700000005,0.9575833099999999,-2.3239807199999998,-0.62662319
0,8,5.320561100000001,0.030864639999999888,-1.8986178199999997,-0.11393799
0,9,5.947290410000001,-0.5420879500000001,-1.0051721099999997,0.5779282
0,10,6.9393986100000005,0.4045149899999999,-0.030230559999999684,0.89756326
0,11,7.51341863,-0.59244998,-0.2617586899999997,0.71686678
0,12,8.34281124,-0.56259939,-0.7626664199999997,-0.5653197
0,13,8.77337088,0.25217663,0.05948896000000026,-0.36011293
0,14,7.83271961,0.61570901,0.8626462800000002,-0.63764437
0,15,7.0209841299999995,-0.33211743000000005,0.2889834800000002,0.2820943
0,16,6.0597634099999995,-0.9517529800000001,0.6741230700000002,0.53337007
0,17,7.04664139,-0.2655273600000001,0.5022145100000002,-0.85234571
0,18,6.34378075,-1.23044288,0.29019548000000017,0.28575724
0,19,7.19864998,-0.62222116,1.2086054500000003,-0.56312983
0,20,7.38030866,0.033986779999999994,0.5266939100000003,0.30191542
0,21,7.1224953499999994,0.12141052,-0.28076467999999966,-0.41626704
0,22,7.368827629999999,-0.16350483000000002,-0.9670470099999997,-0.08198448
0,23,6.578795949999999,-0.048828200000000016,-1.7956025699999998,0.37996387
0,24,6.662323909999999,-0.94036993,-2.5996105899999997,0.20113245
0,25,5.807858489999998,-1.02638028,-3.39463809,0.83722962
0,26,6.243515919999998,-0.48870589,-3.55522614,0.60143021
0,27,6.956755789999998,-0.36951145999999996,-4.04247703,0.56065579
0,28,7.532288919999998,-1.17597223,-3.04532862,-0.4784019
0,29,8.53228892,-0.18590858,-2.2495197399999998,-0.49900087
0,30,8.48927968,0.17263799000000002,-2.5017138599999997,0.25337832
0,31,8.76940707,0.31406789,-2.1082069199999998,-0.39336975
0,32,9.27714508,0.9778602000000001,-2.22698019,0.13929871
0,33,8.83441198,0.8303768300000001,-1.71723521,-0.265407
0,34,8.399247090000001,1.34550568,-1.4699090499999998,-0.55091738
0,35,7.869350190000001,0.72937328,-1.48275133,0.29346824
0,36,7.958604950000002,1.48101468,-0.8159564799999999,0.08197613
0,37,7.583464920000002,0.7038546399999999,-0.2034217399999999,0.15778295
0,38,7.285987280000001,-0.18671535000000017,0.5746992900000001,-0.42166523
0,39,7.204925050000002,-1.11973213,1.2356201000000002,0.14210917
0,40,7.7064347400000015,-1.34852083,1.9296678800000002,-0.38458204
0,41,7.357673090000001,-1.84797428,1.3858020500000001,0.13901692
0,42,8.173320750000002,-1.25407018,2.29417997,-0.33041138
0,43,7.430644760000002,-2.20973051,1.81797493,-0.215094
0,44,8.375397270000002,-1.35404691,2.48353372,-0.550503
0,45,9.367120190000001,-2.28398857,1.5447165,-0.32838974
0,46,8.77047811,-2.04572531,2.52720404,-0.68404495
0,47,9.32317789,-1.8639705199999999,2.63390311,-0.85369129
0,48,9.27741497,-1.9118415899999999,2.2371514599999998,-0.59376544
0,49,8.781052180000001,-2.28884807,2.1678965999999997,0.09522586
0,50,8.020112220000001,-2.5863834199999998,2.6912700099999998,-0.56649035
0,51,8.598315410000001,-1.95760977,3.15249676,-0.31814799
0,52,8.305530590000002,-1.33870267,3.29855364,-0.09937729
0,53,8.053782220000002,-0.78648105,3.94812414,0.16353977
0,54,7.7834176100000025,-0.54964515,3.75103544,0.16785131
0,55,8.595779930000003,0.05948407999999994,4.36305036,0.83937742
0,56,8.169658600000002,0.69961679,3.95016871,0.46115918
0,57,7.750368130000002,0.57933471,4.44205079,0.30856048
0,58,7.671032740000002,0.62396896,3.8580659899999996,-0.3533393
0,59,8.221711570000002,1.38868226,4.17049999,0.06404468
0,60,8.037436950000002,1.74114242,3.8993619799999997,0.63588246
0,61,8.405157750000003,1.13745639,4.15051247,-0.24295148
0,62,8.481698610000002,1.5135939600000001,4.46878845,-0.04876881
0,63,8.031838520000003,2.2492469600000002,4.6216298,-0.1303767
0,64,8.363812330000002,2.3733129300000004,4.74144333,-0.48996499
0,65,8.453434020000001,2.7991595600000005,4.04186498,0.24343717
0,66,8.578345380000002,2.9208702700000004,3.47179309,0.00274893
0,67,8.216207660000002,2.6065729900000005,3.8639963799999997,0.4550605
0,68,8.193310820000002,2.8966611400000004,4.3309146499999995,0.0550783
0,69,8.157652150000002,2.3715399900000005,4.018499139999999,0.90916712
0,70,8.051886030000002,2.0688502600000005,4.279361989999999,0.06213827
0,71,8.139301950000002,2.5018430700000005,4.540099449999999,0.31225113
0,72,8.067866590000001,2.9728658300000004,5.223300599999999,0.26460933
0,73,8.142011400000001,2.51713536,5.454030549999999,0.34462912
0,74,8.056616340000001,2.4031432600000002,5.821979019999999,-0.1037888
0,75,8.007741240000001,2.60704187,5.626026399999999,0.22508624
0,76,7.815400700000001,2.65402539,6.3311407499999985,0.20226664
0,77,7.888643010000002,2.52851596,5.761236379999999,-0.69972189
0,78,7.167868910000002,2.77213287,5.876061379999999,-0.40223365
0,79,7.537601690000002,2.70184145,6.489137929999998,-0.21166842
0,80,7.056006210000001,2.5999758699999997,6.918603659999999,-0.1535251
0,81,7.875047080000002,2.1354584699999997,6.808152379999998,-0.08609032
0,82,7.530831660000001,2.0726069499999995,7.136956169999999,-0.02714539
0,83,6.862048850000002,2.2070340899999996,7.333376499999998,-0.07565424
0,84,6.513351340000002,2.7621496499999996,7.951237449999998,-0.32920471
0,85,6.685275390000002,2.0624683499999996,8.346502319999997,0.06642932
0,86,6.609357730000002,2.5851296899999996,8.680390349999998,0.77015875
0,87,6.110429710000002,3.1036335999999993,8.594591819999998,-0.49299731
0,88,5.921640390000002,3.358134089999999,8.395659149999998,0.23141276
0,89,6.049289100000002,3.411052339999999,8.917222169999999,-0.54412589
0,90,6.146368380000002,3.4096149899999992,9.08558452,0.11537499
0,91,6.401109310000002,3.252396819999999,9.70681157,0.53332546
0,92,6.447263530000002,3.250825379999999,9.84747646,-0.34362665
0,93,6.141233320000001,3.400504809999999,10.028626769999999,0.42345321
0,94,5.645319120000002,4.159350109999998,10.28989779,-0.15820515
0,95,6.253112120000002,3.8593616199999983,9.8369111,-0.47706335
0,96,6.065880400000002,4.153720309999998,9.72919577,0.04354933
0,97,5.675678720000002,3.475056659999998,10.24938096,0.11905354
0,98,6.133150460000002,2.803519639999998,10.26044084,0.12722567
0,99,6.247639340000002,2.982003069999998,9.90200258,0.28233077
1,0,-0.05427758,0.19831906,0.78481013,0.20565578
1,1,-0.5127067200000001,-0.17644441,0.66646273,-0.50730846
1,2,-0.01169693000000005,-0.94254992,0.62483115,0.3829279
1,3,0.9580348999999999,-0.015563080000000062,0.15774116999999999,0.83794901
1,4,1.9280772499999999,0.12741054999999993,-0.23655226000000001,0.77010168
1,5,2.9256455499999996,0.9097762099999999,-0.37024571,0.73950604
1,6,3.6316781799999998,0.5039079799999999,-0.66130497,0.4957902
1,7,4.282244009999999,-0.2563574500000001,-0.74375032,0.44749192
1,8,4.435977629999999,-0.7889539900000001,-0.87552389,0.73368507
1,9,3.463631969999999,-0.04985242000000012,-0.46452621,-0.63364618
1,10,3.304839649999999,-0.1469034400000001,-1.19564,-0.00333882
1,11,3.432536429999999,-0.9805731200000001,-2.18976167,-0.4907261
1,12,3.018302259999999,0.002387719999999871,-1.1901788200000003,-0.56804976
1,13,2.6435036999999992,0.13190184999999988,-1.9112194300000003,0.49252783
1,14,3.2685133299999993,0.22630546999999987,-1.5587601800000002,-0.00898197
1,15,2.9520420399999994,0.9989889699999999,-1.3130786500000002,0.36774413
1,16,3.2273136999999994,1.2351496999999998,-0.7789497200000003,-0.68955063
1,17,3.5199705899999993,1.4674678199999998,-1.1318061500000003,0.31029524
1,18,3.808762899999999,2.24933039,-0.7399084900000004,-0.42414742
1,19,3.907048879999999,2.3756481799999998,-0.7842944900000004,0.05215146
1,20,3.881045779999999,2.9743999599999995,-1.5083105500000005,-0.02718534
1,21,4.286585279999999,2.8992694999999995,-1.7636861500000005,-0.43599308
1,22,4.338098719999999,3.2267686799999993,-1.3454861300000005,0.46070495
1,23,4.232128379999999,2.971549669999999,-1.0212663900000005,-0.32165417
1,24,4.817799819999999,3.164055669999999,-0.5414464700000006,-0.28730147
1,25,5.3471451299999995,3.518808309999999,-0.2711095600000006,0.39810766
1,26,5.536960519999999,3.767846599999999,-0.06245218000000058,0.06671302
1,27,5.036830899999999,3.975878409999999,-0.4604804700000006,-0.21178824
1,28,5.152205559999999,4.715489409999999,-0.8718828200000006,-0.44778741
1,29,5.1129238799999985,4.310822049999999,-1.1043512900000005,0.08942227
1,30,5.393597409999998,4.2538909999999985,-1.3278004500000005,-0.1654538
1,31,5.041307709999998,3.6707471699999985,-1.3461176400000006,0.08601869
1,32,5.106752449999998,4.300448469999998,-1.1084337500000006,0.28673842
1,33,4.879152629999998,4.472924579999998,-1.9140180500000006,0.35366448
1,34,4.771296519999998,5.012651039999998,-1.7302130800000006,0.48449297
1,35,4.578777349999998,5.107989219999998,-1.9991918400000006,0.23873728
1,36,4.966061529999998,5.3961244799999974,-2.2538271000000005,0.43170112
1,37,5.405807669999998,4.7193874399999975,-2.0147070500000006,-0.35581042
1,38,5.346820019999998,3.9236610099999973,-1.8171809300000006,-0.67560808
1,39,5.387625849999998,3.7598683399999975,-1.8906154900000005,-0.14091507
1,40,5.323573229999998,4.6231410299999975,-1.6780373900000005,0.09941626
1,41,5.4693656499999985,4.582076629999998,-2.2140565900000007,-0.67556079
1,42,5.277538019999999,5.053490949999998,-1.7169775900000006,-0.37604326
1,43,5.034374759999999,4.775362349999998,-1.6333446700000005,0.42718433
1,44,4.9114096699999985,5.181272179999998,-2.0122850600000004,-0.40429458
1,45,4.887701439999998,5.247803399999998,-1.5415620400000005,0.30692221
1,46,4.941646059999998,4.7791640799999975,-1.9694937800000005,-0.21492583
1,47,4.644826969999999,4.294058559999997,-2.2396982700000008,-0.30313536
1,48,5.189690689999999,4.753904589999998,-2.7071536800000007,-0.24874424
1,49,5.460038049999999,5.109204089999998,-2.7498078500000007,-0.36095597
1,50,5.584249279999999,5.177161149999998,-3.202877440000001,0.45913939
1,51,5.553171789999999,5.072158769999998,-3.3624010600000007,-0.52209053
1,52,5.397979669999999,5.502252569999998,-3.4440644600000008,-0.16154584
1,53,5.929312639999999,5.310378869999997,-3.433567380000001,0.31891846
1,54,5.910512289999999,4.870259669999998,-3.885109490000001,-0.28669308
1,55,5.772601409999999,5.3198214299999975,-3.119655660000001,0.35530375
1,56,5.148266049999999,5.945006669999998,-3.432267830000001,0.49021597
1,57,5.682660519999999,6.263224829999998,-2.938775850000001,0.26570663
1,58,6.255686089999999,6.046509939999998,-3.3716088300000013,0.21572582
1,59,6.2491371099999995,5.441270419999999,-2.8932285400000013,0.49813129
1,60,6.5547672,5.855032349999998,-3.3692094700000013,0.38358135
1,61,6.01483309,6.210372209999998,-3.853146350000001,-0.25618984
1,62,5.38782073,6.029876969999998,-4.214363930000001,-0.4844406
1,63,5.395957569999999,5.580338919999998,-4.606775210000001,0.22188124
1,64,5.913593099999999,5.926737489999998,-5.231437250000001,-0.31074814
1,65,5.206582589999999,6.1455220599999985,-4.939834010000001,-0.54964821
1,66,5.2500579599999995,6.939049849999998,-4.9762575500000015,-0.40789106
1,67,5.738809939999999,7.389971529999999,-4.314459760000002,-0.03674245
1,68,6.08421016,7.1633891799999985,-4.104943440000002,-0.57510053
1,69,6.558896649999999,7.8608938199999985,-4.0466831500000024,0.53592996
1,70,6.65145672,6.974499579999998,-3.4514579500000027,0.21780742
1,71,6.07502604,6.869087869999998,-3.6184519600000025,0.0255188
1,72,6.55801046,7.203557889999998,-4.060313070000002,0.24362631
1,73,6.51100676,6.9195400399999984,-3.856560370000002,-0.19413327
1,74,6.19172173,6.8190766799999984,-3.925577190000002,-0.2110765
1,75,6.70487252,6.735896779999998,-4.000766250000002,0.20590248
1,76,6.59903161,6.341057669999998,-4.412762940000001,-0.14193073
1,77,6.80754689,6.499916359999998,-4.479301190000001,0.06707744
1,78,7.162179480000001,6.174126829999998,-5.056740870000001,-0.4846028
1,79,7.494180280000001,6.180612369999998,-4.712915540000002,0.52435915
1,80,7.656133250000001,6.935929919999998,-5.228608120000001,0.44622162
1,81,7.009313910000001,6.542907599999998,-4.838116280000001,-0.19023246
1,82,6.677598230000001,6.620823619999998,-4.868490690000002,0.03115065
1,83,6.448763410000001,6.642270009999998,-4.657291370000001,0.63521768
1,84,6.430938900000001,6.942667989999998,-4.140067320000001,0.12808601
1,85,5.935979960000001,7.656335409999998,-4.584793870000001,0.5235025
1,86,5.560978840000001,7.377368749999998,-4.557072980000001,-0.07115649
1,87,5.54517005,8.271882329999999,-4.145368760000001,-0.04527904
1,88,5.8292734,8.610805659999999,-3.865964290000001,-0.01559066
1,89,5.12348816,8.912945869999998,-3.947657350000001,0.23627763
1,90,4.8047983499999996,9.103553479999999,-4.156268930000001,0.16355176
1,91,4.698281779999999,8.838588969999998,-4.2975473100000015,-0.19817614
1,92,5.36122027,8.751114349999998,-3.6119149200000016,0.34236005
1,93,5.2201571399999995,9.228575819999998,-3.0914597400000017,0.18834416
1,94,4.98075099,8.971484619999998,-3.5286569000000014,0.31207103
1,95,4.4016899899999995,9.389189409999998,-3.6578874000000012,0.22150316
1,96,3.9087601399999996,8.876229309999998,-3.078667650000001,-0.39360879
1,97,4.05724236,9.573756869999997,-3.4066757800000014,-0.47302417
1,98,4.12736709,8.708640209999997,-3.7297044800000014,-0.13018434
1,99,3.54986533,8.177057219999996,-4.154536900000002,0.38958877
2,0,-0.07297642,-0.62498641,-0.29814685,0.18858426
2,1,0.8393936999999999,0.2164446,-1.09339079,0.76467394
2,2,1.78223872,0.81828826,-0.9001014199999999,0.56287917
2,3,2.76189117,0.61287748,-0.7419646899999999,0.82155704
2,4,3.76189117,1.53608291,-0.9774021699999998,0.73816727
2,5,4.75670585,1.04408943,-0.8312524399999999,0.85839675
2,6,5.3045789,0.4302195500000001,-0.9363377599999999,-0.68587595
2,7,5.77861695,1.22418644,-1.3477587,-0.83599577
2,8,6.06056232,1.28256557,-1.20809169,0.08703512
2,9,6.46621614,1.84390885,-1.33081496,0.18014309
2,10,5.7699121600000005,2.27933895,-2.00268128,0.02247148
2,11,5.46501032,1.84580078,-2.14530317,-0.16848372
2,12,5.61881535,1.29148629,-2.8322651800000003,0.4392087
2,13,5.9102398,1.0243780999999998,-3.4529492100000003,0.56502914
2,14,5.2515079700000005,1.28272624,-3.6811945100000005,-0.00452267
2,15,5.04762218,0.7319233099999999,-4.131500760000001,0.09911547
2,16,4.8159903900000005,0.6875681399999999,-4.10696404,0.30282028
2,17,4.8311060800000005,0.30007404999999987,-4.45438308,0.19646145
2,18,5.189805870000001,-0.4514082400000001,-4.0053462500000006,0.55952829
2,19,5.355352170000001,-0.15889982000000014,-4.999495080000001,0.57905183
2,20,5.311102630000001,-0.17226064000000013,-4.915003070000001,-0.60708533
2,21,5.697719640000001,-0.8994043500000002,-5.588866980000001,0.52249822
2,22,5.769718870000001,-1.0986565600000002,-6.005630930000001,-0.80689945
2,23,6.689153080000001,-1.48914837,-6.844933500000001,-0.45256124
2,24,7.005703900000001,-1.51416963,-6.224408340000001,-0.63137628
2,25,6.5329394600000015,-1.46210759,-6.505991020000001,0.32572495
2,26,6.701259020000001,-1.52868644,-5.763417830000001,-0.08551614
2,27,6.953979380000001,-2.2172589,-5.161380220000001,-0.50453709
2,28,5.957167770000001,-2.96258496,-4.797140220000001,-0.55153409
2,29,6.6849798300000005,-2.1517714100000003,-3.849890020000001,-0.67480005
2,30,5.77746149,-2.9031037900000003,-3.438641510000001,-0.21972652
2,31,6.2458051800000005,-2.0859035100000005,-4.419911510000001,-0.44539984
2,32,6.847423750000001,-1.6371797400000005,-4.842175840000001,-0.24529102
2,33,7.502478280000001,-1.8716533000000006,-5.277590610000002,-0.6664149
2,34,7.926320090000001,-1.8845893500000006,-4.680310540000002,0.53880673
2,35,7.856371020000001,-1.9049139100000005,-4.339534950000002,0.20382962
2,36,7.835657240000001,-1.7755018100000006,-4.113392260000002,0.47464027
2,37,7.418908920000001,-1.7128571800000005,-4.214819290000002,0.01510743
2,38,7.3830183300000005,-1.2901667800000005,-4.242263800000002,-0.00082399
2,39,7.861730580000001,-0.8474927900000004,-4.162657940000002,0.40278249
2,40,7.89011682,-1.1247962800000004,-3.8732225800000015,0.46669632
2,41,7.77565707,-1.3563300500000004,-3.8263428600000013,-0.24491091
2,42,7.50120697,-1.5922096100000003,-3.5039742000000014,0.35555106
2,43,7.08690083,-1.2812489800000002,-3.407396740000001,-0.33169198
2,44,7.453389120000001,-0.6618678300000002,-2.890705620000001,-0.26659918
2,45,8.22065345,-0.0869284400000001,-2.6130956400000014,-0.29130063
2,46,8.67837359,-0.4003405900000001,-3.0003331100000015,0.04729241
2,47,8.795530529999999,0.049508209999999886,-3.0656393300000016,-0.17893674
2,48,8.554308639999999,0.35950192999999986,-2.7776179500000016,-0.18441629
2,49,8.54668149,0.6279760699999999,-3.2674724000000017,0.40345944
2,50,9.15252881,0.7208815899999998,-3.9107070900000016,0.05197956
2,51,8.97440394,1.2847254599999998,-3.8646719900000015,-0.1896693
2,52,9.30899846,1.1489150099999998,-3.5926609600000017,-0.25237068
2,53,9.55014845,0.8525276699999998,-3.8819405400000018,0.69941766
2,54,9.63938002,1.0710931599999998,-3.5761692500000017,-0.28197375
2,55,9.578998870000001,1.1946942799999998,-3.7666770200000017,-0.60066042
2,56,9.354129640000002,1.0725060099999997,-3.592014530000002,-0.58653668
2,57,9.514443020000002,1.1069210399999996,-3.004264050000002,0.49329317
2,58,9.68801209,0.8443668199999996,-3.419093840000002,0.23675878
2,59,10.21852535,1.5039205299999996,-3.219796680000002,-0.45531475
2,60,9.657149276,1.2824107769999995,-3.284962609000002,1.66372995e-06
2,61,9.420967476,1.8196155869999995,-3.581043339000002,-0.4033277
2,62,9.195978936,1.4059352169999995,-3.307454739000002,-0.72150385
2,63,9.885616446,1.5132211869999994,-3.046565649000002,-0.03743019
2,64,10.495838786,1.0937828069999993,-3.435337499000002,0.46800543
2,65,10.865155556,0.3595342569999993,-3.894023389000002,0.19297836
2,66,10.178297456,0.7138124969999993,-3.973372609000002,-0.00946998
2,67,9.771972486,0.5593585269999992,-4.1020256490000016,-0.57734338
2,68,10.472803445999999,-0.04236992300000075,-4.576913969000001,0.68971954
2,69,10.294911685999999,-0.06408301300000076,-4.865644459000001,0.34957366
2,70,10.776047425999998,0.5664951869999992,-5.144470679000001,-0.55134844
2,71,11.022720845999999,0.7092070169999992,-5.0525621790000015,0.25954963
2,72,10.355022206,0.4989540969999992,-5.721741549000002,-0.42509778
2,73,10.414574115999999,0.9347368769999992,-5.408981619000001,0.01572734
2,74,10.349640315999999,1.5471932169999993,-4.5800228390000015,0.56809889
2,75,10.277064095999998,1.4797211169999993,-3.9719483290000017,-0.33958417
2,76,10.534785625999998,1.2071381569999993,-4.552757399000002,-0.48315711
2,77,10.287591305999998,1.1125674069999993,-4.434901959000002,-0.49515469
2,78,10.090215765999998,1.0560018669999993,-3.748915739000002,0.18253023
2,79,9.380570355999998,0.45190270699999935,-3.6617408090000017,0.08617386
2,80,8.690272065999999,0.5640430569999993,-3.349943509000002,0.42511729
2,81,9.238851555999998,-0.1781986530000007,-2.6757531090000017,0.11331331
2,82,9.204990605999999,-0.31615129300000067,-2.533824279000002,0.45567807
2,83,9.467371715999999,-0.5915873430000007,-2.769170359000002,0.43235464
2,84,8.683426385999999,-0.3654503830000007,-3.175383999000002,-0.23197352
2,85,8.465932315999998,0.2755900469999993,-3.1248374790000017,0.38872144
2,86,8.474625385999998,-0.5040201730000007,-2.883575469000002,-0.35611815
2,87,7.848881405999998,-1.1813006430000006,-3.049635979000002,-0.25878642
2,88,7.175725465999998,-1.8318685530000005,-2.786630879000002,-0.55438499
2,89,6.566335125999998,-1.0325784630000006,-1.9487159590000018,0.86546562
2,90,6.528016335999998,-1.3344360030000004,-1.7254785290000019,-0.17264011
2,91,5.812501315999998,-1.4082033330000003,-1.6500212990000018,0.19348471
2,92,5.369049055999998,-2.2938274130000003,-1.7302062990000018,-0.26414003
2,93,5.7014787559999975,-2.6871009630000002,-1.6831575090000017,0.73369183
2,94,6.411333015999998,-2.239217333,-1.0260826490000017,0.80235898
2,95,7.409332455999998,-1.2610083730000001,-0.026389729000001694,0.58423654
2,96,8.367217515999998,-0.4415195030000001,-0.8223157590000016,-0.67182119
2,97,8.471321045999998,0.37100980699999986,-0.1812042790000017,-0.01789913
2,98,8.964959415999997,1.1976861469999998,-0.5221531790000017,-0.10227681
2,99,9.383240555999997,1.7286021969999998,-0.7946525890000017,0.03749696
3,0,-0.30825707,-0.50972456,0.12735442,-0.15582509
3,1,0.5983386199999999,-0.19328546000000002,0.26621422,0.66582465
3,2,1.58809112,0.7995701,-0.08004706,0.62995499
3,3,2.47017759,1.28099433,0.39565318,0.69925597
3,4,3.4571941500000003,0.8042111299999999,0.7301481,0.46245839
3,5,3.33001132,-0.1525693800000001,-0.25368814000000006,-0.59194687
3,6,2.94309222,0.33095026999999994,-0.4654090900000001,-0.54325992
3,7,2.8777075500000002,-0.07832525000000007,-0.7595882700000001,0.6915686
3,8,2.4849929900000003,0.5689111999999998,-1.52887789,-0.31442193
3,9,3.2629872000000004,-0.19343158000000016,-1.84320947,-0.20320312
3,10,2.7285435200000006,-0.8580350600000002,-2.08957645,0.48531361
3,11,2.7465728700000005,-0.33655422000000024,-1.45103054,-0.61919115
3,12,2.3382625800000003,0.12308341999999978,-2.09905608,0.32318862
3,13,2.14179953,-0.15814557000000024,-2.02353893,-0.37506267
3,14,1.6346318000000002,0.3160373399999998,-2.5094445199999997,-0.51707788
3,15,1.7669399600000002,0.6858476299999998,-2.98937341,0.67163385
3,16,1.9492028200000002,0.2673733799999998,-3.3384721099999997,0.76457122
3,17,1.7877431000000001,-0.013590940000000162,-3.6880278599999996,0.3204301
3,18,1.8187934700000001,0.3945868399999998,-4.097989869999999,-0.31668486
3,19,1.3114839800000002,0.045073349999999845,-3.4600390499999993,-0.01404165
3,20,1.68184974,-0.5192541800000001,-2.8335935399999994,-0.3289375
3,21,1.17871865,-0.9662988600000002,-3.2913919799999993,-0.59244494
3,22,1.18256059,-0.6620011700000001,-3.9297135399999994,0.43370486
3,23,0.94617658,-0.6161167900000002,-4.630216989999999,-0.40261401
3,24,0.90905997,-0.4636520900000002,-4.596457609999999,-0.0463515
3,25,0.35276242,-0.9846736500000002,-4.352248079999999,-0.60041505
3,26,0.43978681000000003,-1.03877619,-3.736896479999999,-0.67964571
3,27,0.66132496,-0.4519268100000001,-3.276227819999999,-0.27661705
3,28,1.4896880499999998,-0.44865280000000013,-3.9574847099999992,0.0122714
3,29,1.3803755599999998,-0.6862446000000001,-4.22117267,-0.6398459
3,30,0.8817103299999998,-1.10199554,-3.5174327399999994,-0.62181147
3,31,0.5025686199999997,-0.8971273000000001,-3.5557583399999992,0.35263329
3,32,0.5368139299999997,-0.2099690700000001,-3.263330699999999,-0.29231767
3,33,0.2972331199999997,-0.4741483900000001,-2.6171902299999994,-0.2630319
3,34,0.21034679999999967,0.07794873999999996,-1.8965325999999993,-0.15742959
3,35,0.4176755299999997,0.6975054399999999,-1.8317687999999994,-0.35760615
3,36,1.1177085999999998,0.9569736299999999,-1.6886946599999995,-0.28795999
3,37,1.1666364699999998,1.5794586499999999,-1.5796705399999995,0.22444792
3,38,1.0663645099999999,1.3093483799999999,-1.6184885399999995,0.34571514
3,39,0.8135138799999999,1.41320148,-1.0920354199999995,-0.04734252
3,40,0.14920728999999988,1.65892873,-0.4482159599999995,-0.31958898
3,41,-0.4308887800000001,2.3928307699999998,-0.5092804799999995,-0.38123999
3,42,-0.08024544000000006,1.8724697899999998,-0.3484343799999995,0.04355882
3,43,-0.05930528000000006,2.3759653,-0.6284997799999995,0.25941827
3,44,0.008469719999999945,2.10147424,-0.4083513399999995,0.34391836
3,45,0.54361533,2.3146256899999997,-0.8519923099999995,0.02830594
3,46,1.13405347,2.63246836,-0.7558581599999995,0.18206379
3,47,1.7312003900000001,2.54266354,-1.5885511299999995,0.33858653
3,48,1.20792433,2.92414963,-1.6089127299999995,-0.02828642
3,49,1.19734833,3.32617402,-2.333321969999999,0.04845494
3,50,1.32886119,3.65857122,-1.9452866299999991,-0.25661731
3,51,1.5125874400000001,3.04678486,-2.395931089999999,0.39630843
3,52,1.8504921900000002,2.81445474,-2.640776039999999,0.45751372
3,53,1.7340562000000002,2.96200806,-2.492544909999999,0.50970251
3,54,1.1610268500000003,2.17858709,-1.906882859999999,0.1600793
3,55,1.2229004100000003,2.3433738,-1.181805489999999,0.40265577
3,56,0.5911976400000003,2.00823223,-0.904355159999999,0.58867576
3,57,-0.08140878999999968,2.42135312,-1.253089999999999,0.4354172
3,58,-0.10587807999999968,1.71969253,-1.026984959999999,0.58822851
3,59,0.07604167000000031,1.92177207,-1.227115409999999,0.31350178
3,60,0.40809534000000036,1.93323051,-1.471342009999999,0.01932072
3,61,-0.05605923999999962,2.06123551,-1.702213919999999,-0.3333174
3,62,-0.6939486099999996,2.1168145099999998,-1.408559149999999,-0.09529952
3,63,-0.30445604999999965,2.4820017699999997,-1.208050659999999,-0.25986968
3,64,-0.36886827999999966,1.9834893499999997,-0.605045979999999,-0.27748426
3,65,-0.17367645999999967,2.6731703999999996,0.03494178000000103,-0.2191655
3,66,-0.6783766299999997,2.00554425,0.747433330000001,0.04967129
3,67,-0.22304549999999973,2.14293971,1.232421110000001,0.21130829
3,68,-0.14653882999999973,1.8403851699999998,1.308026170000001,-0.65556996
3,69,-0.6308827499999997,2.2241715799999997,1.0013778600000012,-0.14682193
3,70,-0.4366595699999997,1.9314143899999996,0.9947065100000012,0.03750183
3,71,0.11780862000000031,1.4221057799999994,0.3912234000000012,0.34059629
3,72,0.7031613100000003,0.8670008199999995,0.5711952200000012,0.20843304
3,73,0.6872935400000003,1.1059918499999994,0.32203360000000125,-0.06348151
3,74,1.3655067500000002,0.9619798699999994,-0.08193841999999874,-0.2120039
3,75,1.8715153500000001,1.6804459999999994,-0.6431675899999988,-0.16696062
3,76,2.40630247,1.8574005399999995,-1.1346093799999988,0.42091913
3,77,2.64400291,1.8627374899999996,-0.6179853599999988,-0.56821943
3,78,2.7773233200000003,1.3417041099999996,-0.8544474499999988,0.14793837
3,79,2.90776271,1.4093156399999995,-0.47079971999999876,-0.59529936
3,80,2.21382775,2.2807105799999996,-0.028474049999998752,0.30879678
3,81,2.02668757,1.7086622599999997,-0.7006294499999988,0.34144062
3,82,2.58649107,1.8967279199999996,-0.8655696099999988,0.12060706
3,83,2.0546244500000004,1.6703101899999995,-0.0562636099999988,-0.53616213
3,84,2.4793972100000006,1.8901845999999995,0.3974728600000012,0.53932633
3,85,3.2036858600000007,1.2428909499999996,0.5357639100000012,0.51603095
3,86,3.7360687100000005,0.4448862499999996,0.7964360500000012,0.34353428
3,87,3.4179517500000003,-0.3354674200000004,1.5623800300000013,-0.31260683
3,88,3.11127526,-1.1076769600000005,2.0573425600000013,0.40288711
3,89,3.8419086300000003,-0.42813820000000047,1.7034214300000012,-0.90742279
3,90,3.7690169100000004,-0.6924501800000005,2.534117140000001,0.01491306
3,91,2.8506171200000003,-1.2022331500000005,2.944269100000001,0.48215457
3,92,3.24716575,-0.9844851700000006,2.503664830000001,-0.6973873
3,93,2.28963033,-1.0853671500000006,2.745279650000001,-0.57198412
3,94,1.96967866,-1.3583264100000005,3.541691660000001,-0.78519388
3,95,2.56373099,-1.4779767400000006,3.875444250000001,-0.75296174
3,96,2.29929003,-1.3171291800000007,4.068009270000001,-0.25967572
3,97,1.9940112399999999,-1.8141530600000007,4.820726590000001,0.29720325
3,98,1.3459808299999998,-2.1380405300000005,4.968803570000001,0.22410966
3,99,1.6760129299999997,-1.8459010200000006,4.504801410000002,-0.25941761
4,0,0.88212959,-0.33083029,-0.21437622,0.57246076
4,1,1.76993557,-0.67520225,-0.49623163,0.64723344
4,2,2.15898221,-1.48259982,-0.64695119,-0.32159674
4,3,3.07649513,-0.7944800799999999,-0.31919948000000004,0.61063262
4,4,4.06157948,-0.6232637499999999,-0.39069228,0.49002685
4,5,5.043566129999999,-0.7070195099999999,-1.04921894,0.96132354
4,6,6.015839629999999,0.26129683000000015,-1.85491569,0.53549939
4,7,6.89779612,-0.6694756599999998,-1.45101375,0.70554567
4,8,5.93562805,-0.20894264999999979,-1.80994361,-0.37928042
4,9,5.55137256,-0.8846409399999998,-2.56803787,0.66682378
4,10,6.5236826699999995,0.01766321000000015,-3.55044095,0.65227505
4,11,7.518678949999999,-0.9007531699999999,-4.09762209,0.65953021
4,12,7.893402309999999,-0.06535002999999984,-4.04622864,-0.48052643
4,13,8.377235849999998,-0.14078228999999984,-4.0017491099999996,0.18890605
4,14,8.804525029999999,0.43481705000000015,-3.3060247199999995,0.04322693
4,15,7.919280719999999,0.009159830000000146,-3.5689446199999995,0.36751687
4,16,7.844434969999999,-0.5716658499999998,-2.9513022199999996,-0.3000318
4,17,7.703925279999999,-0.8727122999999999,-3.2605330099999996,-0.82422393
4,18,8.70297875,0.12541347000000014,-3.8386280799999994,0.70236521
4,19,8.83586738,-0.6232279999999999,-3.7333318799999993,-0.46274911
4,20,7.88826625,-1.5424753299999998,-2.7488022499999993,-0.47930992
4,21,8.49760303,-1.3204989999999999,-2.866869189999999,-0.59144085
4,22,9.413107740000001,-0.3323823599999999,-2.513703599999999,-0.75716702
4,23,9.77691418,0.5055932300000001,-1.755219709999999,-0.32536491
4,24,8.95517382,0.12017749000000011,-1.314584109999999,0.62372732
4,25,8.18570172,-0.47516979999999986,-0.45283085999999906,-0.60861631
4,26,7.347103780000001,-1.3999889199999997,0.4543610900000009,0.66453711
4,27,8.342240010000001,-0.8514890099999998,0.4584761300000009,0.47388557
4,28,9.341737160000001,-0.35031365999999975,1.4576483400000009,0.73402903
4,29,9.96179378,-1.1821042399999997,1.776794800000001,0.27806893
4,30,10.31797163,-1.0617030799999998,2.436816840000001,-0.59745055
4,31,10.074229350000001,-0.4055370399999998,1.793719030000001,-0.69145495
4,32,9.151611870000002,-1.1197852399999997,1.034672920000001,-0.59686052
4,33,10.150527870000001,-0.44453951999999963,2.025333710000001,0.57249321
4,34,10.670469820000001,-0.9899333299999996,1.9680679300000008,0.51767032
4,35,11.362661220000001,-1.8155201499999998,1.2227428800000006,-0.69843078
4,36,11.829301420000002,-0.8353855199999998,2.2193711600000006,-0.81876884
4,37,11.204570880000002,-1.8090066299999998,2.5263611200000007,-0.29076876
4,38,11.582722690000002,-2.14108827,3.524844280000001,-0.46870194
4,39,11.928991320000003,-2.47237149,3.880085540000001,-0.78854298
4,40,12.002037660000003,-2.02350769,4.341197660000001,-0.40725903
4,41,12.129213460000003,-1.1994601400000002,3.9922309000000005,-0.67857172
4,42,12.197789120000003,-0.7701856600000002,3.1470081100000007,-0.07647974
4,43,11.811907450000003,-0.37213000000000024,2.939247800000001,0.48312243
4,44,11.178113900000003,-0.21662581000000025,3.404262370000001,0.81896618
4,45,11.794434090000003,-0.8345952000000002,3.623276940000001,0.2970219
4,46,11.582215120000003,-0.37475573000000023,3.829238420000001,0.05102437
4,47,11.137270230000002,-0.9994671800000001,3.503309980000001,0.41164091
4,48,10.493946420000002,-0.9040327200000001,2.895253480000001,-0.33452699
4,49,10.235966350000002,-1.5795857400000002,1.931956830000001,0.3865076
4,50,9.789105670000001,-2.55434188,0.933119690000001,-0.38743882
4,51,8.860143180000001,-2.01888261,1.918368920000001,-0.77420983
4,52,9.465570930000002,-2.46398559,2.0877021200000008,-0.75556117
4,53,8.992753520000003,-1.6391249700000001,1.247756190000001,-0.54982874
4,54,9.468858360000002,-1.0001180500000002,1.282742080000001,0.12058687
4,55,8.780488820000002,-0.27142860000000024,1.048036870000001,-0.70867091
4,56,8.983243630000002,-0.08495639000000024,0.8031579500000009,-0.65411757
4,57,8.350851150000002,0.05515691999999975,1.144463570000001,0.55080248
4,58,8.515541770000002,0.3738470399999998,1.757714800000001,0.56359702
4,59,8.659664080000002,0.5032907499999998,2.164979310000001,0.36275706
4,60,8.251227900000002,0.8853252799999998,1.505909400000001,0.05382021
4,61,8.671513910000002,0.2869807299999998,1.223186360000001,-0.15768224
4,62,8.353582310000002,0.4451357299999998,1.847860480000001,0.40386164
4,63,8.180654740000001,0.9012102699999998,1.9822179700000009,0.34315081
4,64,8.64580579,0.8940635999999997,1.503112070000001,0.08928165
4,65,8.60712501,0.7478768399999998,2.220641670000001,-0.62425644
4,66,9.10726256,0.6781399299999997,2.557510890000001,-0.08982195
4,67,9.019982670000001,0.23852053999999973,2.227373800000001,-0.17806529
4,68,8.82539155,0.5776894499999997,1.616713610000001,0.00740364
4,69,8.4975783,0.4994165699999997,1.550664580000001,-0.46821086
4,70,8.5048428,0.7579467899999996,1.540956680000001,0.19137257
4,71,8.09982386,0.16715173999999966,1.463157840000001,-0.38634602
4,72,8.501359370000001,-0.25258086000000035,1.652337410000001,0.20094865
4,73,7.776616800000001,-0.7513166600000003,1.273383870000001,-0.43657495
4,74,7.630738530000001,-1.1068922500000002,1.4846888000000011,-0.81605007
4,75,7.794906730000001,-0.5052684600000003,1.240717270000001,0.04201272
4,76,7.492436670000001,-0.43581999000000027,1.090668620000001,-0.11844188
4,77,6.87790174,0.04607528999999971,1.525905310000001,-0.19804868
4,78,6.56292875,-0.053265840000000286,1.1858895300000012,-0.33158559
4,79,6.025079460000001,0.6620566199999998,1.1622985300000013,0.1949357
4,80,5.8581449800000005,0.9221482499999998,0.9184109000000013,0.60718499
4,81,6.305017960000001,0.8499106299999998,1.1783026700000012,-0.27199867
4,82,6.0569384500000005,0.9671820199999998,0.7414814400000012,0.49095515
4,83,5.525599400000001,0.8145713799999997,0.9271272400000011,-0.48068688
4,84,5.276445310000001,0.6327378299999997,0.7277308700000011,-0.35995353
4,85,5.75237462,0.6753668099999998,0.4402519300000011,0.13610626
4,86,6.06470105,0.3405173399999998,0.027316070000001136,-0.11349433
4,87,6.38413471,0.42450937999999977,0.6691887500000011,0.54772816
4,88,6.57318273,0.04794691999999978,1.2738136200000012,-0.49998416
4,89,7.20806295,0.4625539099999998,2.003902880000001,-0.39928318
4,90,7.314803950000001,1.0136561999999998,1.8309092800000009,-0.33921491
4,91,7.46230898,1.4028874699999998,1.8660361600000008,0.29816686
4,92,7.3983364300000005,0.9894852499999998,1.2374390600000007,0.41802471
4,93,7.610245320000001,1.0534923599999997,1.5071641800000006,0.0374696
4,94,7.440864840000001,1.3392836499999996,1.8918077400000006,0.23902702
4,95,6.682323620000001,1.3158978099999996,1.5757724400000006,0.273225
4,96,6.311772890000001,0.7817358499999996,2.1212374600000006,-0.19408023
4,97,5.700069960000001,0.2407077799999996,2.4372984100000004,-0.30546794
4,98,5.421374460000001,0.0832427299999996,2.91232505,0.21923345
4,99,5.764230170000001,-0.21116186000000042,2.9759415600000003,0.15414088
5,0,0.57517627,-0.65515469,-0.27487194,0.4765661
5,1,1.39241538,0.15120741999999998,-0.57425173,0.54004399
5,2,2.36729153,0.5901261499999999,-1.1804609199999998,0.77628532
5,3,3.35411705,1.2319246799999999,-2.0904981499999997,0.74460228
5,4,4.32196692,0.9946796399999999,-2.2225071099999996,0.80138002
5,5,5.31599203,1.70258654,-3.2088894699999995,0.65114076
5,6,6.22582474,0.70937087,-2.6629565999999993,0.41642378
5,7,7.12006191,-0.18736578000000004,-3.2010665199999995,0.56381006
5,8,6.79785311,-0.49584437000000003,-3.5524752999999993,-0.6195084
5,9,6.53658277,-0.39076233000000005,-2.6742594299999993,-0.36684489
5,10,5.95947596,-0.48393613,-1.9201938099999993,-0.2806592
5,11,6.65919614,-0.61925213,-2.890911059999999,0.26842372
5,12,6.35843357,-0.07868408000000005,-2.041626639999999,-0.7739289
5,13,7.34500679,-0.12415513000000004,-2.531433029999999,0.26540863
5,14,7.81045139,0.5814077,-2.197101129999999,-0.69620289
5,15,7.62675974,1.39617024,-2.0226104399999993,-0.01542094
5,16,7.903107009999999,2.00265511,-2.5701917599999993,0.2065144
5,17,8.10694049,1.8422054600000002,-2.622273329999999,-0.2922805
5,18,7.99937018,2.00803851,-3.1577537899999992,-0.23788655
5,19,7.57124876,2.01333919,-4.049622049999999,-0.40149659
5,20,7.413188249999999,1.9221655199999998,-4.514784199999999,0.43976153
5,21,6.649153429999999,1.4795556399999998,-4.2912513699999995,-0.23892168
5,22,6.124448009999999,1.21869123,-4.620650309999999,0.06753962
5,23,5.4369836199999995,1.12630562,-4.998788329999999,-0.28516553
5,24,5.09292607,1.5565560699999998,-4.775606749999999,-0.53860932
5,25,4.43030673,0.8934898099999998,-5.308702619999999,0.00160993
5,26,3.98623915,-0.04676485000000019,-4.645389939999999,-0.57130135
5,27,3.0412077999999996,-0.6257401200000002,-4.49177179,0.26888319
5,28,2.7688928899999996,-0.6993989000000003,-4.371410579999999,-0.44109943
5,29,1.8933466299999995,-0.08439901000000027,-5.349602139999999,-0.74701287
5,30,2.2931306099999995,-0.9086912200000002,-5.691280249999999,0.26309081
5,31,2.6505335399999996,-0.10609661000000026,-6.216510499999999,-0.60402148
5,32,2.55376054,0.23551878999999976,-6.6011032599999995,0.35444244
5,33,3.01130057,0.8679733099999998,-6.753333639999999,-0.09859491
5,34,2.91703232,1.0793672199999997,-6.9325882199999995,0.54598996
5,35,2.5272047,1.3424263999999997,-7.2674134399999994,-0.19614614
5,36,1.76623138,1.6955100799999996,-6.8434186299999995,-0.57026386
5,37,2.10217216,2.0724323699999996,-6.57685298,0.15173986
5,38,2.21250183,2.5273463799999996,-7.16843921,-0.64418393
5,39,2.18835123,2.0920815799999994,-7.977879489999999,-0.81484708
5,40,2.75179524,2.7361691599999993,-8.62857955,-0.42118938
5,41,2.7256704999999997,2.499837699999999,-9.04252943,0.27271776
5,42,2.3476238899999995,1.8029521899999992,-9.56454922,-0.16955344
5,43,1.9732063299999996,1.8114920099999992,-9.54267307,-0.32597001
5,44,1.1570512199999996,1.288063039999999,-10.395673109999999,0.06661653
5,45,1.2282246699999997,1.711609289999999,-10.630349659999998,-0.57160528
5,46,0.8838968799999997,1.6512513999999991,-10.565218309999999,-0.03722933
5,47,0.7343037099999996,2.245598409999999,-10.025674419999998,0.68980131
5,48,0.9937643199999996,2.056866949999999,-9.944660809999998,0.13096091
5,49,1.0247786299999997,2.0982237799999988,-9.987612939999998,0.1979923
5,50,0.7916471399999997,1.9933184199999987,-10.604845239999998,0.53730426
5,51,0.2875462099999997,1.4010536099999986,-10.908752979999997,0.61833206
5,52,0.6295199699999997,2.0484379999999986,-10.842499839999997,-0.49823369
5,53,0.4796466399999997,2.6413527399999985,-10.964486819999998,-0.10468257
5,54,0.3571819699999997,2.4532782499999986,-10.986922639999998,-0.04146217
5,55,0.5198709699999997,2.6095926199999986,-10.747816049999997,-0.65494719
5,56,0.7300945699999997,3.1828874499999986,-11.274772589999998,-0.03377461
5,57,0.5326691299999997,3.3735857599999988,-10.833542939999997,-0.09164974
5,58,0.5676789699999997,3.2148633299999987,-11.159459249999998,0.84955916
5,59,0.19339181999999966,3.163879579999999,-10.548242019999998,-0.58071743
5,60,0.40060731999999966,2.3513938399999987,-10.573494899999998,-0.86406548
5,61,0.6945759099999996,2.6281725699999985,-10.584439089999998,0.01571357
5,62,0.20378933999999965,2.7613688799999987,-10.470521079999997,-0.26409729
5,63,0.7001700399999997,3.3488829599999987,-10.089888669999997,0.17601432
5,64,0.7851214999999997,3.4975368499999986,-10.524201689999996,0.19958268
5,65,0.8640547499999996,2.994534309999999,-9.977306729999997,-0.03500949
5,66,1.0573421899999997,2.991691159999999,-9.901845189999998,-0.10183151
5,67,1.5442201999999998,2.347081779999999,-9.382092789999998,0.50483406
5,68,0.9815439499999998,1.995585499999999,-9.431698899999997,-0.50063547
5,69,0.9472295799999998,1.336743839999999,-9.408301009999997,-0.0307619
5,70,1.0631020799999997,1.374301869999999,-9.501340819999998,0.5446168
5,71,1.1871646499999997,0.802013329999999,-9.550253039999998,0.1324193
5,72,1.7326374599999999,0.443483709999999,-9.063841869999997,0.49207012
5,73,1.2308586099999999,0.36752591999999895,-9.097984139999998,-0.68872614
5,74,1.59242863,1.037957609999999,-8.384945779999997,-0.56833723
5,75,1.9792652499999999,1.038438809999999,-8.328591219999996,-0.22747267
5,76,1.5138098599999998,1.074474399999999,-7.684179719999996,-0.28120475
5,77,1.96974992,1.222975189999999,-7.706221369999996,-0.38102898
5,78,2.10186012,0.7848258899999989,-7.154138039999996,-0.40493055
5,79,2.71963526,0.050533249999998864,-7.791489689999996,0.21027771
5,80,2.93158101,0.8143060099999989,-7.589005679999996,-0.20173317
5,81,3.64951562,0.46968779999999893,-7.4466384499999965,0.6456091
5,82,4.4077356199999995,-0.28273474000000104,-7.339756749999997,-0.45937222
5,83,5.11787703,-0.5891594800000011,-6.875407339999997,0.58182788
5,84,6.07258265,0.3475678499999989,-6.4658718399999975,0.69018854
5,85,7.057495,0.608382859999999,-5.822746539999997,0.84973558
5,86,6.99957602,-0.359916440000001,-6.216653829999997,0.47214103
5,87,7.89029705,-0.694484260000001,-6.249560269999996,0.23347182
5,88,7.76722637,-1.623609010000001,-6.3388967399999965,-0.54913323
5,89,6.954024100000001,-1.164715010000001,-5.953589559999997,0.71631835
5,90,6.163894870000001,-2.027012310000001,-6.382634209999996,0.44486293
5,91,7.160630970000001,-1.5568885400000008,-6.080449349999997,0.35257576
5,92,8.12647988,-2.133573700000001,-5.6143695699999965,-0.66860971
5,93,8.41956587,-1.9678716300000008,-5.859061889999997,0.02485345
5,94,7.583787569999999,-2.457858210000001,-5.532033139999997,-0.76059107
5,95,7.156885749999999,-3.074476460000001,-5.691212639999996,0.57313873
5,96,6.292702859999999,-2.219628390000001,-5.766171099999997,-0.68284959
5,97,5.580190619999999,-2.193506460000001,-6.679981019999997,-0.00283286
5,98,5.187292019999999,-2.626944080000001,-7.4873842099999965,0.30113932
5,99,4.599348169999999,-3.390579690000001,-7.442196889999996,-0.62695325
6,0,0.83367069,-0.79396554,0.18017306,0.14322575
6,1,1.79480553,-0.013781669999999968,0.7435104,0.61662247
6,2,2.77058666,0.82814505,1.06756758,0.68938793
6,3,3.68798706,1.43230858,1.2001548899999999,0.77697234
6,4,4.68116796,2.4248766699999997,1.2653966899999998,0.68627698
6,5,5.51880693,1.7750055899999997,1.3664376899999997,0.79641136
6,6,5.75865337,1.0480577199999996,1.2255987799999997,-0.7215385
6,7,6.74094498,0.13771118999999965,1.7561708099999995,0.82868271
6,8,7.73771547,-0.8058926800000004,2.6945770599999994,0.70308717
6,9,8.66983261,0.07416275999999966,1.8446917799999993,-0.70862937
6,10,8.853329650000001,0.23019157999999967,2.0100817699999993,0.17081807
6,11,9.58036949,0.5344855099999997,2.547095529999999,0.1120025
6,12,9.806830060000001,-0.09005953000000033,1.908333489999999,0.33447362
6,13,10.385877180000001,0.11816233999999967,1.6538693999999992,-0.0734668
6,14,11.09817946,0.9603693899999997,1.6206014999999991,0.29049003
6,15,11.14179196,0.9589856999999996,1.4047654999999992,-0.4434335
6,16,10.19745604,0.14699209999999963,0.8187514999999992,-0.431764
6,17,9.21316373,-0.6229748700000004,0.6452350399999992,0.25113912
6,18,10.210101309999999,0.37245292999999957,-0.3380403800000008,0.33510789
6,19,10.47932777,-0.5733274300000004,-0.1137128600000008,0.36310019
6,20,11.24529132,-0.4351895700000004,-1.1098632100000008,0.44090755
6,21,11.01971384,-1.3241433100000004,-0.8110902600000007,-0.77245964
6,22,10.62467112,-1.2090870100000004,-0.2888610900000007,0.42967964
6,23,10.66325574,-0.5890879100000004,-0.6510298400000007,-0.8699366
6,24,9.87645532,-0.8654792700000004,0.06699022999999926,-0.57963809
6,25,10.740535359999999,-0.29196186000000035,-0.17693445000000074,0.61515737
6,26,10.32882662,0.12809646999999963,0.7215679799999992,-0.72103623
6,27,9.5961532,-0.6408912300000005,1.6664005299999993,-0.68426947
6,28,8.86443971,-1.2403236600000005,2.6082499599999993,0.42258887
6,29,8.81619931,-0.8710231300000004,1.7149112599999992,-0.78267121
6,30,8.11185599,-1.4600609700000005,2.1578888799999993,-0.62002581
6,31,9.10715989,-0.6320708700000005,1.2868372599999993,-0.86873768
6,32,8.67009809,-0.12380337000000052,1.5349925099999993,0.01455329
6,33,8.97481353,-0.01664458000000052,2.2939914799999994,-0.34602476
6,34,9.623607100000001,-0.9052669300000005,2.5627878499999994,0.36745335
6,35,9.56937334,-1.5074238100000006,3.448912129999999,0.55086105
6,36,10.38186211,-0.9269723900000005,2.4583159699999992,-0.6599851
6,37,10.221390190000001,-1.4118969300000006,3.342079809999999,-0.37995701
6,38,10.452901870000002,-0.6452244300000006,2.346059719999999,-0.49454468
6,39,10.360310700000001,-0.10581118000000067,2.363832759999999,0.34428432
6,40,10.799982850000001,0.37289809999999934,2.5096050099999987,-0.18716091
6,41,10.308014430000002,0.5157557999999993,3.0053663699999986,-0.37616859
6,42,10.145331800000001,0.6453250199999994,2.7501022499999985,0.31476803
6,43,10.07776999,1.0986596799999995,2.5742503099999987,-0.20195976
6,44,10.19455236,0.7003941799999995,1.9023367799999988,0.42065426
6,45,9.680328099999999,0.5093773499999995,1.7011445899999988,-0.49107212
6,46,9.521300789999998,0.1271786599999995,1.433454569999999,0.51744322
6,47,9.336758217999998,0.1717849560999995,1.433334060443999,-0.730060286
6,48,9.818994247999997,0.7955821060999995,1.410604980443999,0.49659382
6,49,9.356755337999997,0.4159769260999995,1.015657260443999,0.26496144
6,50,9.960548587999998,-0.45729462390000053,1.178135540443999,-0.25622265
6,51,9.938108197999998,-0.6998220039000005,0.27775637044399903,-0.06337092
6,52,9.358374597999997,-1.4871026839000003,-0.5563182695560009,0.62554135
6,53,10.356553417999997,-1.0322221739000004,-0.15805920955600095,-0.77818781
6,54,10.995966597999997,-0.5314534539000004,0.22425650044399903,0.09290591
6,55,10.779615547999997,-0.1561501839000004,0.15398867044399903,0.07286604
6,56,11.261618947999997,-0.4669906539000004,0.294429440443999,0.03186638
6,57,11.930352027999998,-0.7821706039000004,0.463767750443999,-0.78182102
6,58,12.411036327999998,-1.6644158239000004,-0.068160519556001,0.22351637
6,59,11.424052447999998,-1.1809111239000005,0.116647790443999,-0.44360086
6,60,10.851157067999997,-0.34783571390000056,0.015077830443999005,-0.52233673
6,61,11.005953387999998,0.1445502060999994,0.268705990443999,-0.67216732
6,62,10.195603237999999,-0.8035232239000005,-0.501703409556001,0.26500804
6,63,9.198926327999999,-1.7204574439000004,-0.949852999556001,-0.68840869
6,64,10.127486997999998,-0.8740398739000005,-1.6285771795560011,-0.76315353
6,65,10.397745427999999,-0.5274962939000005,-1.900527869556001,0.41787006
6,66,10.416652857999999,-0.6821309839000005,-1.867652689556001,-0.11347402
6,67,10.800904028,-0.47776085390000045,-1.0993003895560012,-0.05712422
6,68,11.418414668,-0.9091928539000005,-0.7532827995560012,-0.64263243
6,69,11.616752328,-1.8194978139000004,-0.9721657495560012,-0.43632024
6,70,11.785370238,-0.8484194539000004,-1.9039862095560012,-0.84388172
6,71,11.397129908,-0.5464465439000004,-2.256610889556001,0.18355697
6,72,11.222369388,-0.11426871390000037,-2.0413220295560013,-0.28006539
6,73,11.002986528000001,0.10769829609999962,-2.3796291295560015,0.34471725
6,74,10.690955928000001,0.5718186460999997,-1.8736199495560015,0.15935107
6,75,10.890275308000001,0.6404160060999997,-2.0781767595560017,-0.59177836
6,76,11.132496158000002,1.0610487260999997,-2.0257122695560015,0.76595952
6,77,11.024622318000002,1.5144018560999997,-1.4259103795560015,-0.32989244
6,78,11.908951948000002,1.9419555560999997,-1.6576436795560014,-0.38009526
6,79,11.959236738000001,2.1055353260999996,-1.6532615195560014,0.33761448
6,80,11.841437678000002,2.1529315960999997,-1.8659526095560015,0.25794716
6,81,12.090093258000001,2.1431018160999997,-1.3075204695560014,0.11383924
6,82,12.210988188000002,2.5553455060999997,-1.0861068095560014,0.5595849
6,83,12.102897028000001,2.2247845460999995,-0.8069743395560014,-0.60687382
6,84,11.890232758000002,2.5952140060999995,-0.5290697095560014,-0.35076591
6,85,12.028245038000001,3.1143873960999997,-1.1367654295560015,0.44571156
6,86,12.295086998000002,2.9741721661,-0.7305026395560015,0.5046334
6,87,12.528724788000002,3.5463449061,-1.1323201095560016,0.64407932
6,88,12.347214668000001,3.5836923060999997,-1.7541799895560017,0.30740251
6,89,11.843375258000002,4.2209963860999995,-1.3798932095560017,0.57312159
6,90,11.490812248000001,4.8177101660999995,-1.8095186695560017,0.35888348
6,91,10.781374248,5.6394769061,-2.0999498295560017,-0.78641694
6,92,10.627786678,6.3340794461,-1.9362147995560017,-0.60872432
6,93,10.806592428,6.4447394861,-1.6985043895560017,-0.57572416
6,94,10.712711408,6.469786346099999,-2.090847749556002,-0.32077931
6,95,10.120080028,6.012728966099999,-2.1454000995560016,-0.84574762
6,96,9.871629018,6.2995609661,-2.5841061495560016,-0.45547809
6,97,9.519374808,5.7178739861,-2.2853202695560015,0.62462098
6,98,9.283262168,6.1936939261,-2.4540128495560016,0.36355623
6,99,9.461092948000001,5.6933937761,-3.132736289556002,-0.45566478
7,0,-0.18664636,-0.69767223,0.253254,-0.00740661
7,1,0.78186218,0.10759326000000002,0.52886972,0.3725486
7,2,1.7663523099999998,1.0272961,0.07774806000000001,0.73368292
7,3,2.75493285,0.87679869,-0.21155229999999997,0.57489252
7,4,3.7216714399999997,0.44089322999999997,0.053219140000000054,0.69906797
7,5,4.72060223,1.10420118,-0.57624013,0.66479304
7,6,4.9100648,0.44064675,-0.38295179999999995,0.4844153
7,7,5.4853038199999995,0.14090965,-0.6335047699999999,0.40444506
7,8,5.324741309999999,0.21799976,-0.6563469799999999,0.35224774
7,9,4.34331003,-0.46982641,-1.40754271,-0.60594206
7,10,4.95767152,0.35741391,-2.2947199400000002,0.68533287
7,11,5.3471658699999995,0.24486004,-3.0840793900000003,0.58309723
7,12,5.112886809999999,-0.24296531,-3.1069469100000005,0.31781433
7,13,5.454499159999999,-0.16990624,-3.2994206500000005,0.49962094
7,14,6.059740039999999,0.55089595,-3.1441146800000004,-0.6562656
7,15,6.6865603799999995,0.14663167000000005,-3.2547267100000004,-0.23209843
7,16,5.70963192,-0.15148682999999996,-2.82114139,0.36843799
7,17,5.6376556099999995,-0.703718,-2.4139182000000003,-0.77076951
7,18,6.580070299999999,-0.27547020999999994,-2.2416403700000003,-0.94271432
7,19,6.890133189999999,0.15708847000000004,-1.9873350200000002,0.14485757
7,20,7.37163554,0.73538188,-1.6508240500000002,-0.71507473
7,21,7.49248855,0.6014036500000001,-2.0289738600000002,0.32195863
7,22,6.82818863,-0.007066389999999978,-1.5241606600000002,-0.43264296
7,23,7.42136952,0.70373926,-1.5873128800000003,0.53578111
7,24,7.45967277,1.1037359900000001,-2.2579872200000004,-0.32931883
7,25,7.77731374,0.6832436700000002,-2.3234307300000006,-0.6741104
7,26,7.60817238,0.8616040400000002,-2.7633223700000005,0.59385854
7,27,7.24388595,0.5448220300000002,-2.4575720700000003,0.08569389
7,28,7.91453001,0.3954681700000002,-3.14815965,0.26254469
7,29,7.5485055899999995,0.42502183000000016,-2.6149583400000003,0.2138164
7,30,7.840901479999999,1.0714025,-1.9743804100000002,-0.36770859
7,31,8.24019326,0.94283532,-2.20345314,0.07722388
7,32,8.26801114,1.05105691,-1.8624297900000002,-0.43643793
7,33,8.96805031,0.8820516,-2.6193077700000003,0.14033303
7,34,9.473635250000001,0.5914092500000001,-2.3145804100000005,0.3103715
7,35,9.916070800000002,0.4476813500000001,-3.1415727200000005,0.36421641
7,36,10.465359970000002,0.4992376400000001,-2.5633339200000007,0.65561306
7,37,10.227339010000001,0.1223945500000001,-2.9692936700000008,-0.15593114
7,38,10.698095150000002,0.4507536200000001,-2.7031271400000008,-0.55238431
7,39,10.212962280000003,0.52940187,-2.5116578600000006,0.35669384
7,40,10.543479690000003,0.09071950000000006,-2.9072389900000006,0.02231509
7,41,10.747304510000003,0.5231814400000001,-2.8777166400000005,-0.3336294
7,42,10.412666110000004,1.0820973200000001,-2.6136808600000005,0.23980538
7,43,9.887715590000003,0.8188682800000001,-2.0750252500000004,-0.21010721
7,44,10.503932610000003,0.8715768200000001,-2.6615972500000002,-0.01388311
7,45,10.794150480000003,0.7681831200000001,-2.04885318,0.1755182
7,46,10.386929320000002,0.3161975800000001,-1.94454474,-0.02344053
7,47,10.817358200000001,-0.31018060999999986,-1.82193842,0.21611782
7,48,11.006522050000001,-0.5485034499999999,-1.28268929,-0.16788474
7,49,11.144569010000001,-0.6040519199999999,-0.80589727,-0.54165773
7,50,11.780738850000002,-0.6371388599999999,-0.84711307,-0.40698736
7,51,11.159626810000002,-0.7590985199999999,-0.06453639,0.02001595
7,52,10.184235070000003,-0.4286580999999999,0.87575388,0.60653177
7,53,10.777851190000003,-0.5760262899999999,0.4469799,0.86515577
7,54,10.204952390000003,-0.60564535,0.87794158,0.21713906
7,55,11.182727960000003,0.23955427000000007,1.35132089,-0.52941192
7,56,11.668622640000002,0.019110200000000077,1.07455567,0.79965733
7,57,11.581367610000003,0.65236508,1.03475723,-0.03010153
7,58,12.275859760000003,0.49100198000000006,1.1582785,0.07448014
7,59,12.723830770000003,1.06482894,0.92470336,0.0949762
7,60,12.941838520000003,1.5799595599999998,0.29727340999999996,0.25504145
7,61,12.801385170000003,1.9692357799999998,1.02388967,-0.21357476
7,62,13.037786430000002,2.62269476,1.462769,0.6116995
7,63,13.403066180000003,2.87451385,0.7408131,0.01205344
7,64,13.852761450000003,2.89264857,0.29582223,0.38667054
7,65,13.579448880000003,3.20352918,0.35076395000000005,0.04861516
7,66,13.001134370000003,2.92484172,0.38425661000000005,-0.45052637
7,67,12.715246320000002,2.4935080899999997,0.9186553,-0.26954692
7,68,13.000318340000002,2.97961808,0.3562814299999999,-0.05707837
7,69,13.048030900000002,3.35629069,0.64592228,0.40597954
7,70,12.966165770000002,3.71617762,0.31343911999999996,0.42670575
7,71,13.300630780000002,4.0088485799999996,0.9406671999999999,-0.48598496
7,72,13.017839660000002,3.9656644699999997,0.6174941999999999,0.18702459
7,73,12.791100450000002,4.22868579,1.02846927,-0.38212707
7,74,12.699991110000003,4.4946933,0.88318581,-0.07022905
7,75,12.656554060000003,4.53812998,0.3365661099999999,-0.60570998
7,76,12.714118760000003,5.09446744,0.80895506,0.41490081
7,77,13.224957570000003,5.55733229,0.7668666599999999,0.5828202
7,78,12.902986240000002,5.39733504,0.86596933,-0.01660754
7,79,12.435872660000003,4.79744997,0.78224946,-0.49451063
7,80,12.391829160000002,4.5215748499999995,1.15216287,0.80063458
7,81,11.918685270000003,4.086581219999999,1.38443881,0.48133213
7,82,11.675978110000003,4.016465009999999,1.49530594,0.33289895
7,83,11.747459110000003,4.477921909999999,0.8309583899999999,-0.73498618
7,84,11.543549740000003,4.444739919999999,1.34714194,-0.71834342
7,85,11.889204200000004,4.361874879999999,1.28139013,0.50895072
7,86,11.772035980000004,4.404857439999999,0.8341375,-0.64937247
7,87,11.707018920000003,4.610924729999999,0.3691695,-0.25092035
7,88,11.893555540000003,4.921459449999999,0.2810367,0.03668202
7,89,12.096167140000002,4.845581879999998,0.05036816999999996,-0.10743698
7,90,12.248545230000001,4.559601969999998,-0.037260360000000034,0.48210673
7,91,11.562747400000001,4.311538789999998,0.23352557999999995,0.71027228
7,92,10.8931213,3.6793347999999986,0.013765669999999952,0.35793638
7,93,11.29572501,3.7159779799999986,-0.12753598000000005,-0.12328908
7,94,11.54846924,3.5398990499999985,-0.50275729,-0.02246621
7,95,12.040358,3.4834342499999984,0.09026035999999993,0.05781017
7,96,12.1651613,3.9820135399999983,0.019934899999999922,-0.67910961
7,97,11.837478659999999,3.8243538299999984,0.25537520999999996,-0.06114939
7,98,11.446722119999999,4.216251019999999,-0.39873849000000006,-0.07976359
7,99,11.481165009999998,4.388345609999999,-0.8391614700000001,0.52884925
8,0,0.47419916,-0.66265228,-0.20682714,-0.04141787
8,1,1.43829473,0.25620801000000004,0.3448228099999999,0.5135906
8,2,2.42139053,0.26945132000000005,0.20087229999999992,0.51792132
8,3,3.41273432,1.03549525,-0.04118807000000008,0.67120475
8,4,4.39606634,0.75276502,0.12784842999999993,0.47232282
8,5,4.64112777,0.09474287000000003,0.20461417999999992,0.25710175
8,6,5.1003110199999995,-0.9026636,-0.76584871,0.56127806
8,7,5.3831118799999995,-0.2924192,-0.06453165999999999,0.34065521
8,8,4.9245747699999995,0.65136111,-0.92087066,-0.51710198
8,9,4.780685409999999,0.40883806999999994,-0.5082112,0.4171229
8,10,4.501498959999999,-0.54912852,-0.88286479,0.38907601
8,11,5.483514179999999,-0.06062845,-1.75846683,0.63669404
8,12,6.41406475,-0.52913524,-2.5645351,-0.57594982
8,13,6.86677204,-1.4549826700000001,-2.6013018,0.46870349
8,14,6.414091389999999,-2.06990897,-2.45232182,-0.1643639
8,15,6.46099613,-2.3545470400000004,-1.5616184499999999,-0.67811514
8,16,6.65780438,-2.6669345700000004,-2.1986478,-0.53498919
8,17,7.16568131,-3.3230923400000005,-2.45333325,0.15995279
8,18,7.66483378,-2.6073019600000005,-2.52098872,0.19589117
8,19,8.21327132,-3.1290780300000005,-2.3353707,-0.34136314
8,20,8.834478970000001,-3.0318166700000004,-2.94782508,-0.4517546
8,21,8.805168170000002,-3.3519254100000007,-3.0145434499999997,0.18459565
8,22,8.592609050000002,-2.5808127700000005,-2.6585525299999997,0.15996027
8,23,9.019054500000001,-3.0603684000000007,-3.2089858399999995,-0.40305889
8,24,8.959371690000001,-2.5381921200000006,-3.4252767699999995,0.04592112
8,25,9.546084350000001,-2.165660730000001,-3.3999103099999997,0.70552195
8,26,9.328555020000001,-1.645720260000001,-2.91733503,-0.14069186
8,27,9.390441150000001,-1.588536520000001,-2.8281903799999997,-0.21030161
8,28,9.66905679,-1.680653970000001,-2.6711208899999996,-0.13612138
8,29,9.250113890000002,-1.694857150000001,-3.2051123099999996,-0.2923572
8,30,9.030859760000002,-1.523977590000001,-3.35972255,-0.42208213
8,31,9.289958840000002,-0.7145887400000009,-3.41587302,-0.29781237
8,32,9.213474060000003,-0.9513840000000009,-4.08398302,-0.27620789
8,33,9.681338880000004,-1.3801255600000009,-4.26355637,-0.50849122
8,34,10.528346590000004,-1.8693565700000008,-4.61265881,-0.43688765
8,35,10.206739120000003,-2.129823160000001,-4.03467328,0.13603615
8,36,10.089369840000003,-2.2973424100000006,-3.70861326,-0.35646913
8,37,10.012212410000004,-2.3573013800000004,-3.32623532,-0.63945602
8,38,9.824259800000004,-1.8261648600000004,-3.66599099,0.05755159
8,39,9.469028070000004,-2.0972318600000004,-3.54774528,-0.39959956
8,40,9.983652890000004,-2.2516481600000002,-3.52536146,-0.60460396
8,41,10.196866910000004,-2.17196663,-2.98866313,0.26683505
8,42,10.179562690000004,-2.39820869,-2.61995171,-0.6771922
8,43,10.199782820000005,-2.34939762,-2.95438809,0.1875738
8,44,9.789572580000005,-1.95783717,-2.89105704,-0.43565661
8,45,9.500068570000005,-1.54235056,-3.4051015600000003,0.06329488
8,46,9.403013610000006,-1.12051594,-3.3032118500000003,0.55921243
8,47,9.426039160000006,-1.42742471,-3.88765967,0.06415764
8,48,9.341168510000006,-0.9587585299999999,-4.41222093,-0.46164303
8,49,9.857352660000007,-1.58396108,-4.2412787100000005,0.55855286
8,50,9.486513670000008,-1.57095104,-4.57988338,-0.57360319
8,51,8.596086680000008,-1.7658919499999999,-5.2658469100000005,0.2186817
8,52,8.557859170000008,-1.6885030499999998,-5.52779469,0.24416193
8,53,8.209321460000007,-1.3207169299999997,-5.392253050000001,0.19847154
8,54,8.925639130000008,-1.5289314799999998,-5.635143170000001,-0.30466813
8,55,9.608071700000007,-1.4839149499999997,-5.1357634700000006,-0.01248885
8,56,10.168004420000008,-1.6708854199999998,-4.78327944,0.08403492
8,57,10.384824780000008,-1.5284537999999999,-4.566289090000001,0.50099812
8,58,10.554870020000008,-1.8730159199999998,-5.344489680000001,0.48760201
8,59,11.254523050000008,-1.8337579499999999,-5.119503150000001,0.04864639
8,60,11.206050670000009,-2.18119054,-5.250354810000001,0.79351957
8,61,11.560715480000008,-2.0172743399999997,-5.427330220000001,-0.0294307
8,62,11.813362060000008,-2.0434054699999997,-4.991356870000001,0.51144152
8,63,11.968633070000008,-1.5925472899999997,-5.262485570000001,-0.50831397
8,64,11.683953060000007,-1.3559243599999997,-6.017212200000001,0.34316541
8,65,12.440316820000007,-1.0614940999999998,-6.333167390000002,0.33799129
8,66,12.643109550000007,-0.9025723199999998,-5.864484610000002,0.80815463
8,67,12.749890950000006,-0.6055147299999998,-6.133617820000001,0.07577749
8,68,12.503661210000006,-0.9422184899999998,-6.2489042700000015,0.2725008
8,69,12.567833910000006,-0.7628180999999998,-5.463096270000001,0.40294817
8,70,12.753503540000006,-0.44303940999999986,-5.263948890000001,-0.68672963
8,71,12.523773700000007,-1.0021563999999998,-5.950722230000001,0.32598668
8,72,12.462306920000007,-1.3666972099999999,-5.199198560000001,-0.31739386
8,73,12.007869520000007,-1.48641936,-5.181203130000001,-0.07651823
8,74,12.411017360000008,-1.12308854,-5.533899710000001,-0.43360219
8,75,12.620463070000008,-1.1886132299999999,-4.981577100000001,-0.18307883
8,76,13.052364830000009,-1.1933645999999998,-4.384969820000001,-0.45414884
8,77,12.504544590000009,-1.3991888299999997,-4.605218400000001,0.28774218
8,78,12.548812530000008,-1.6103341599999996,-4.402702810000001,0.34838793
8,79,11.681176020000008,-2.2873848299999997,-3.953042990000001,-0.09234689
8,80,11.673127720000007,-1.7303087099999996,-3.635587090000001,0.22875156
8,81,11.856503950000008,-2.4853248699999995,-3.223403860000001,-0.41881451
8,82,11.412811250000008,-2.7798519299999995,-2.4333134900000006,-0.36796185
8,83,11.083325900000007,-3.5078390199999996,-1.7804722000000006,0.83357366
8,84,11.818177920000007,-3.9329332599999995,-1.1934843900000005,-0.81913764
8,85,11.305073390000008,-2.9907061099999996,-0.4487070600000005,-0.4381298
8,86,10.770626070000008,-2.57316245,0.06587637999999951,0.94077466
8,87,9.899034760000008,-3.49004397,0.6070541599999996,-0.14333186
8,88,9.980503720000009,-3.95253783,1.6052154699999996,0.43388569
8,89,9.99665193000001,-4.20075196,1.4163027499999996,-0.58081389
8,90,10.984833170000009,-3.6148500099999996,1.6327982399999996,-0.72258051
8,91,11.33406051000001,-4.60618123,0.9584033799999996,0.4304388
8,92,10.837567920000009,-5.00360258,1.5875074199999997,-0.35812483
8,93,11.328856060000009,-5.42576448,0.5984467799999996,-0.57442961
8,94,12.080116450000009,-5.10729604,0.42785930999999966,-0.83093366
8,95,12.75799205000001,-5.6077419,0.04561249999999967,0.14129246
8,96,13.056465010000009,-6.046027779999999,0.5626911299999997,-0.51594584
8,97,12.77224980000001,-6.246712059999999,1.1493216299999998,-0.41564925
8,98,13.35998465000001,-6.152775149999999,1.2661279999999997,-0.19384832
8,99,12.88991070000001,-6.230552819999999,1.3096963299999997,-0.64483374
9,0,-0.51734795,-0.76140832,-0.25740332,-0.22638047
9,1,-0.76499676,-1.40416957,-0.71308214,0.06334119
9,2,-0.0007931500000000202,-2.1291502500000004,-0.25959171000000003,0.49506964
9,3,0.94164414,-1.2250503800000003,0.3940028299999999,0.82678328
9,4,1.9214477099999998,-0.5409127400000003,0.73509651,0.58316932
9,5,2.89048955,-0.26256314000000036,0.68858376,0.58793557
9,6,3.8845014499999997,0.36216729999999964,0.8993121399999999,0.67749034
9,7,4.189034319999999,-0.38956106000000035,0.9870731599999999,-0.306087
9,8,5.184847785999999,-1.3322206420000002,0.9861624648189999,0.428959185
9,9,5.893016925999999,-1.9317522120000001,1.323038784819,0.45842642
9,10,6.062215745999999,-1.526097912,0.3505291948189999,-0.38832876
9,11,5.625851265999999,-1.709478692,0.18394479481899992,-0.36010794
9,12,6.475634705999999,-1.650860372,-0.6505913351810001,0.7502429
9,13,7.271016115999999,-0.8886635319999999,-1.0184869851810001,-0.69650656
9,14,7.851280805999999,-0.6574775319999999,-1.2075126751810001,-0.47571216
9,15,7.674170766,-0.25758491199999994,-1.260353785181,0.55495356
9,16,8.002809246,-0.04163507199999994,-2.009386095181,-0.1880715
9,17,8.447560246,0.32438298800000004,-1.754447385181,-0.70538082
9,18,8.181558016,-0.08353163199999997,-1.759845495181,-0.47318926
9,19,7.910508216,0.20031131800000002,-2.3894855051810002,0.40389227
9,20,7.785009756,-0.072739002,-2.811756125181,-0.3475911
9,21,7.566481966,0.09057040799999999,-2.8665887251810003,-0.28544596
9,22,6.957144985999999,0.10796959799999999,-3.021398135181,0.33521805
9,23,6.209853155999999,-0.06706226200000003,-2.8308394951810003,0.28372474
9,24,5.436003135999999,-0.886536662,-2.6908960451810002,0.10507363
9,25,4.523354485999999,-1.572192882,-1.9243142351810003,-0.28106738
9,26,4.242521455999999,-2.525625022,-2.297795195181,-0.57893524
9,27,5.1672364759999985,-2.6541977119999998,-3.257952705181,-0.90783142
9,28,4.6654139259999985,-1.779914442,-3.8645139251810003,-0.16643537
9,29,4.492007705999998,-2.143845672,-4.499826075181001,-0.40286394
9,30,4.167004865999998,-2.277022492,-4.447675235181,-0.09194592
9,31,3.7679179559999985,-2.760205572,-4.151414785181,0.37924412
9,32,4.257502695999999,-2.288079862,-4.768051185181,0.02949061
9,33,4.303250385999998,-2.739317172,-5.317920565181,-0.23956682
9,34,3.7442952359999984,-3.1728736019999997,-4.722327995181,-0.13823209
9,35,3.0295051959999983,-3.1920793119999997,-5.256105925181,0.01848698
9,36,2.7586418259999985,-3.5947344919999997,-5.712203425181,-0.09926235
9,37,2.4606002759999983,-4.096655552,-5.702691375181001,-0.4819628
9,38,2.0864939959999984,-4.203524271999999,-5.726055445181001,0.09556545
9,39,1.6760724859999985,-4.241330022,-5.793722525181001,-0.73226288
9,40,1.7373472859999985,-4.042253371999999,-6.217663555181001,-0.40580898
9,41,2.0423351559999987,-3.881743331999999,-5.959730635181001,0.18718692
9,42,1.3249645459999986,-3.703643971999999,-5.741339125181001,-0.22270138
9,43,1.1835420359999986,-2.918853001999999,-5.897301315181001,-0.08772688
9,44,1.1471770659999987,-2.700157521999999,-6.044188405181001,-0.02612063
9,45,1.1650161359999986,-3.202111951999999,-6.2250823651810006,-0.17338853
9,46,0.4316917859999987,-3.0043815819999993,-6.0056656651810005,0.01180754
9,47,0.1305623959999987,-3.5072169419999994,-5.200242725181001,0.34607
9,48,-0.5535981040000013,-2.9119155419999996,-5.867237655181,0.5106067
9,49,-1.0441352840000013,-3.5144526919999994,-6.056734495181001,0.30648423
9,50,-0.9142903540000014,-3.7422127419999995,-5.976646815181001,-0.01632957
9,51,-1.3072401740000013,-3.9882734619999995,-6.525171835181,0.13588795
9,52,-1.8150286840000014,-3.8190353319999994,-6.471788805181,0.82731942
9,53,-1.5162737540000015,-3.5549704019999995,-6.543849585181,-0.07141832
9,54,-1.8180487640000016,-3.5773439019999995,-6.702644615181001,-0.02473024
9,55,-1.5557037140000016,-3.4358969019999996,-6.806866945181,0.05811533
9,56,-1.8884089640000017,-2.9795965719999997,-6.817730645181,0.25891363
9,57,-1.4368567540000017,-3.5043604819999996,-7.059675565181,-0.2115329
9,58,-1.5614376140000017,-3.6416883519999996,-7.035917715181,-0.4959295
9,59,-1.6764918340000017,-3.1847404619999997,-7.740476945181,-0.14930341
9,60,-2.4798515340000016,-3.650042332,-8.017399725181,0.43498294
9,61,-1.6975824640000017,-3.790703852,-8.171398355181001,0.27165374
9,62,-1.0453465740000016,-3.964502172,-8.307630655181,0.17827402
9,63,-0.8935161140000016,-3.522581152,-8.829155375181001,0.23724816
9,64,-0.6564663340000017,-3.7097224719999997,-8.043670425181,0.22845522
9,65,-0.47340350400000164,-3.5805670619999996,-7.551022265181,-0.00961778
9,66,-0.10160041400000164,-3.2853089819999997,-7.122003145181001,0.73197032
9,67,-0.19715374400000163,-3.3946768019999998,-6.956551375181001,0.21302112
9,68,0.07196249599999838,-3.7248197719999996,-7.532222825181001,0.38231476
9,69,0.1784720359999984,-3.0568717419999993,-7.595633515181001,-0.62548784
9,70,0.7565949859999984,-2.820594651999999,-7.560286055181002,0.74288549
9,71,1.0186565459999986,-2.835609611999999,-8.298324955181002,0.22096806
9,72,0.7120922659999985,-3.157632261999999,-8.117006785181001,0.54673771
9,73,0.07386252599999854,-3.159274461999999,-7.599213655181001,-0.09154615
9,74,0.5192533059999985,-3.1982934519999993,-7.230128625181001,0.46310697
9,75,0.07116377599999851,-2.879741061999999,-6.858876065181001,-0.50808176
9,76,0.08996282599999851,-3.423863781999999,-7.462246635181001,-0.058836
9,77,-0.1310553940000015,-4.237759451999999,-7.650308405181001,0.74325272
9,78,-0.0755547540000015,-4.686828151999999,-7.365919205181001,-0.10725053
9,79,-0.8945592740000015,-4.584125431999999,-7.740195785181001,0.34141468
9,80,-1.5923197440000014,-5.367426881999998,-7.601938685181001,0.05215635
9,81,-1.4539483740000014,-5.144193561999998,-7.349493275181001,0.00064012
9,82,-1.2915480040000014,-4.927006541999998,-7.543245855181001,-0.04349353
9,83,-0.6078092940000014,-5.185302841999998,-7.911231085181002,-0.26760189
9,84,-0.4002104640000014,-4.770988161999997,-7.652047745181002,-0.16682266
9,85,-0.9160979740000014,-4.600869881999998,-8.311162545181002,-0.24282511
9,86,-0.4802470840000014,-4.928019191999998,-8.493384465181002,0.77880722
9,87,-0.0653544440000014,-5.443354141999998,-8.835681235181003,-0.38941242
9,88,-0.3575619940000014,-5.861248601999998,-8.847175995181003,-0.26214695
9,89,-0.5642384940000014,-6.033882731999998,-8.485148345181003,0.12772578
9,90,-1.1199153640000015,-6.539786731999998,-9.374100445181003,-0.3672415
9,91,-1.3504788340000013,-6.8124504519999975,-9.265410075181004,-0.34622921
9,92,-1.0578111040000013,-7.505661021999997,-8.946603065181003,-0.01761526
9,93,-0.41701783400000136,-7.716565071999997,-8.264309705181004,0.34645328
9,94,-0.5626338440000014,-6.961772101999998,-7.866768135181005,-0.48177825
9,95,-0.7044537440000014,-6.871185221999998,-8.180069015181004,0.15832581
9,96,-0.37971584400000136,-7.224268691999997,-7.691772985181005,0.28409664
9,97,-0.6996077740000013,-6.712204651999997,-7.523987835181004,0.29004494
9,98,-1.0841088640000014,-6.613889241999997,-7.189682415181005,-0.60152294
9,99,-0.8158070240000014,-6.014948971999997,-6.7081385151810045,-0.32294333
