eval/info_normalized_performance_mean,eval/info_out_water_final,eval/info_out_water_mean,eval/best_episode_reward,eval/info_normalized_performance_final,eval/episode_reward,eval/episode,eval/info_performance_mean,eval/info_performance_final,eval/mean_episode_reward,eval/eval_time,eval/info_distance_to_target_mean,eval/info_distance_to_target_final,train_alpha/value,train/batch_reward,train/episode_reward,train/info_normalized_performance_final,train/episode,train/duration,train/info_out_water_mean,train/info_performance_final,train/info_performance_mean,train_alpha/loss,train_critic/loss,train/info_distance_to_target_final,train_actor/target_entropy,train/info_out_water_final,train/info_distance_to_target_mean,train_actor/loss,train_actor/entropy,train/info_normalized_performance_mean
-0.045301225,0.0,0.0,-1863.8075096905231,-0.08814035,-1871.0940025746822,0,-1.2543615,-1.3057685,-1881.5422002077103,14.420809507369995,1.2543615,1.3057685,,,,,,,,,,,,,,,,,,
0.6450088,0.014337525,0.011616826,-459.23409249428863,0.71385396,-483.1315214057545,134,-0.42598942,-0.34337527,-638.9841310816398,13.985056638717651,0.30982116,0.2,0.1590253888020697,-13.442666053771973,-484.955825984478,0.8333333,121,1.5094525814056396,0.0,-0.2,-0.32330394,-0.14918085932731628,5370.5927734375,0.2,-1,0.0,0.32330394,320.7215576171875,-1.1178991794586182,0.7305801
0.744091,0.0,0.0,-447.1933560371399,0.8333333,-447.1933560371399,268,-0.30709085,-0.2,-460.6362141340971,15.143426418304443,0.30709085,0.2,0.26411841335361275,-10.43395709991455,,,,,,,,-0.15515628457069397,2721.35546875,,-1,,,415.68011474609375,-1.3458316326141357,
0.6960505,0.006692943,0.0064708004,-442.11260664463043,0.7775588,-715.3256839622162,402,-0.36473933,-0.26692945,-547.1090022793568,13.524302005767822,0.30003133,0.2,0.4137434171569555,-8.428933143615723,,,,,,,,-0.08000186085700989,1526.308837890625,,-1,,,513.4217529296875,-0.8046953082084656,
0.72794396,0.0019722013,0.0017137371,-457.0369114279747,0.81689835,-469.3649890720844,536,-0.32646737,-0.21972203,-489.7010144061425,15.25270128250122,0.30933,0.2,0.5817865889128847,-8.369443893432617,,,,,,,,-0.019624195992946625,13233.521484375,,-1,,,563.7892456054688,-0.5868914127349854,
0.7220625,0.0023701922,0.0023038767,-458.4793472290039,0.81358176,-458.4793472290039,670,-0.33352503,-0.22370192,-500.2875167903229,13.649088382720947,0.31048626,0.2,0.7088530290691133,-7.1320414543151855,,,,,,,,0.07052072137594223,824.4722290039062,,-1,,,534.786865234375,-0.5507346987724304,
0.7185192,0.0031079545,0.0029319741,-450.00049579143524,0.8074337,-458.5366778075695,804,-0.33777693,-0.23107955,-506.66536071763164,13.883024215698242,0.3084572,0.2,0.6870114331513039,-10.226906776428223,,,,,,,,0.17375119030475616,1878.25341796875,,-1,,,736.503173828125,-0.47786739468574524,
0.7388727,0.0,9.435923e-06,-459.44247028542685,0.8333333,-465.60347586870193,938,-0.3133528,-0.2,-470.0291938530818,13.56998062133789,0.31325844,0.2,0.5949310794909315,-7.461701393127441,,,,,,,,0.1132802963256836,874.961181640625,,-1,,,587.8681640625,-0.687280535697937,
0.68803155,0.010673181,0.009578852,-274.0917678177357,0.7697533,-431.46536698937416,1072,-0.37436205,-0.27629605,-561.5430916144485,13.803609609603882,0.27857357,0.16956422,0.4855758361833704,-7.39458703994751,,,,,,,,0.1271423101425171,30735.802734375,,-1,,,562.788818359375,-0.30869317054748535,
0.65227467,0.010822778,0.010394137,-449.5696005821228,0.7431435,-779.1765771397834,1206,-0.41727042,-0.3082278,-625.9056606319484,14.05760407447815,0.3133291,0.2,0.4604511066492575,-7.85523796081543,,,,,,,,0.041866593062877655,3174.305908203125,,-1,,,527.71240234375,-0.6804976463317871,
0.72919124,0.0057929726,0.005543843,-361.9887166619301,0.80349684,-757.4384859571643,1340,-0.32497054,-0.23580384,-487.45585931651306,13.96432614326477,0.26953214,0.17787412,0.4231206603459351,-6.526098251342773,,,,,,,,0.1588151752948761,235.28831481933594,,-1,,,529.06103515625,-0.39029479026794434,
0.78484845,0.0034496463,0.003256527,-250.16636472940445,0.88580066,-612.1275850037736,1474,-0.25818193,-0.13703924,-387.27289393684066,14.950775861740112,0.22561666,0.10254278,0.38179833653179956,-6.629294395446777,,,,,,,,-0.07731832563877106,307.907470703125,,-1,,,512.1296997070312,-0.9664468765258789,
0.83777976,0.0007575758,0.0007356903,-241.83252826333046,0.9547044,-324.5101338624954,1608,-0.19466428,-0.05435477,-291.9964495390051,15.509907960891724,0.18730739,0.04677901,0.42246000078313645,-6.806078910827637,,,,,,,,-0.006517179310321808,471.25244140625,,-1,,,458.245849609375,-0.7022353410720825,
0.8421726,0.0,4.9918744e-05,-212.92843237519264,0.9480144,-417.44909939169884,1742,-0.18939291,-0.062382765,-284.0893274235471,15.434823989868164,0.18889372,0.062382765,0.5283074975228721,-7.357631683349609,,,,,,,,-0.08667582273483276,1054.117431640625,,-1,,,444.630859375,-0.9073253870010376,
0.8394494,0.00066850125,0.0006686895,-227.31741985678673,0.9732312,-234.87508329749107,1876,-0.19274558,-0.032144755,-289.118395351418,17.173571348190308,0.1860587,0.025459746,0.6632430702670591,-7.216609477996826,,,,,,,,-0.0002534426748752594,2046.2191162109375,,-1,,,398.7024841308594,-0.7024214267730713,
0.8283221,0.0003125,0.0003341667,-198.01074549555779,0.9396877,-368.353573679924,2010,-0.20601347,-0.07237471,-309.02022780179976,16.716415882110596,0.20267184,0.069249704,0.7082176404993219,-6.044323921203613,,,,,,,,-0.007179293781518936,384.09246826171875,,-1,,,370.01446533203125,-0.470847487449646,
0.86344826,0.0,0.00015924897,-211.45314222574234,0.979679,-261.0647375881672,2144,-0.16386206,-0.02438509,-245.79308495893156,17.303712129592896,0.16226958,0.02438509,0.713238300477932,-5.356323719024658,,,,,,,,0.070075124502182,298.0041809082031,,-1,,,329.8040771484375,-0.5709110498428345,
0.82637185,0.0,0.00014939574,-260.08360999822617,0.93106526,-337.06561294198036,2278,-0.20835376,-0.082721636,-312.53067328841934,14.80551290512085,0.20685983,0.082721636,0.8231430398100019,-6.017030715942383,,,,,,,,-0.009534187614917755,233.54754638671875,,-1,,,310.0152282714844,-0.738527238368988,
0.84551597,4.8828126e-05,8.9893234e-05,-199.73281487822533,0.9718846,-246.2197391986847,2412,-0.18538085,-0.03373847,-278.0712627346115,13.486002922058105,0.18448192,0.03325019,0.8380669770602192,-4.851767063140869,,,,,,,,0.08710336685180664,517.73486328125,,-1,,,314.1241455078125,-0.6341252326965332,
0.83136857,0.0029042386,0.0019490715,-202.76872277259827,0.9344141,-249.3664335012436,2546,-0.20235771,-0.07870314,-303.53654653894654,12.81165099143982,0.18286699,0.04966075,0.8664948349706053,-5.6659040451049805,,,,,,,,0.18622198700904846,583.5274658203125,,-1,,,336.417724609375,-0.4324188232421875,
0.8121935,0.006793981,0.0056494116,-204.9276731312275,0.9086235,-246.8490061970318,2680,-0.22536771,-0.10965171,-338.05155540929485,13.317996263504028,0.16887358,0.0417119,1.038481982364424,-4.9351420402526855,,,,,,,,-0.10278032720088959,1581.800048828125,,-1,,,330.5844421386719,-0.8772628307342529,
0.7504092,0.011918746,0.0096872,-207.83373495936394,0.8102454,-545.6784913333976,2814,-0.29950887,-0.22770557,-449.2633228191826,13.63839602470398,0.20263688,0.10851811,1.4926690768110125,-5.65797233581543,,,,,,,,-0.16387011110782623,2501.186767578125,,-1,,,395.5689392089844,-0.5678446292877197,
0.75025976,0.015228045,0.011652873,-231.83241525292397,0.8041905,-246.23965213545645,2948,-0.29968834,-0.23497136,-449.5325026160391,13.586339235305786,0.18315963,0.082690895,2.132911908547622,-5.187505722045898,,,,,,,,-0.24836531281471252,5129.96826171875,,-1,,,453.6929016113281,-0.666113018989563,
0.599146,0.036348935,0.027877273,-236.50757148861885,0.595703,-460.196674243326,3082,-0.48102477,-0.4851564,-721.537189611633,13.295269250869751,0.20225202,0.12166703,2.669963440109766,-5.107375621795654,,,,,,,,-0.19986072182655334,18824.1875,,-1,,,463.19378662109375,-0.5882754325866699,
0.61778563,0.032605983,0.02504683,-276.9239748460906,0.6335606,-709.1857034171027,3216,-0.45865726,-0.43972725,-687.9858631839384,12.819901943206787,0.20818897,0.11366744,3.3578224617075634,-5.959239959716797,,,,,,,,-0.1833157241344452,2126.65478515625,,-1,,,662.9031372070312,-0.6587594747543335,
0.4947775,0.035261527,0.026572637,-296.5017911694727,0.45186052,-370.86507765804566,3350,-0.606267,-0.6577673,-909.4004796283318,13.454223155975342,0.34054062,0.3051521,3.4839951552471797,-6.415008544921875,,,,,,,,0.05193240940570831,11260.0927734375,,-1,,,705.2965698242188,0.07000155746936798,
0.67741287,0.023322672,0.018322138,-304.6420893104046,0.6966006,-1306.4487327039253,3484,-0.38710457,-0.36407924,-580.6568838961098,13.038925170898438,0.20388319,0.13085252,3.1952425195904106,-9.10983657836914,,,,,,,,0.9673043489456177,4532.080078125,,-1,,,956.794677734375,-0.4088376760482788,
0.7130098,0.015667748,0.012900297,-384.8688325796809,0.7840031,-687.7253840068976,3618,-0.34438834,-0.2591963,-516.5825053716889,13.556623935699463,0.21538538,0.10251881,2.9423312385201923,-6.447136402130127,,,,,,,,-0.05429959297180176,22005.546875,,-1,,,790.53076171875,-0.08949541300535202,
0.759294,0.0051770834,0.0049964106,-249.83790563995188,0.8202044,-364.38963854312897,3752,-0.28884733,-0.21575472,-433.2709842937826,13.428350687026978,0.23888321,0.16398388,2.828858197694261,-9.224498748779297,,,,,,,,-0.10698787868022919,3414.84326171875,,-1,,,913.9585571289062,-0.4507542848587036,
0.8162214,0.00019623234,0.0014020017,-230.92767676711082,0.8846567,-435.19043934770997,3886,-0.2205343,-0.13841194,-330.8014340133473,12.971969842910767,0.20651428,0.1364496,2.5460960968142907,-8.351463317871094,,,,,,,,-0.29186198115348816,2322.978759765625,,-1,,,929.5617065429688,-0.27943170070648193,
0.78018296,0.007998798,0.006794106,-242.33956894278526,0.87154377,-839.2079102740844,4020,-0.26378044,-0.15414736,-395.67067123179635,13.841597080230713,0.19583939,0.074159384,2.4650049831225007,-7.9168009757995605,,,,,,,,0.2980288863182068,3919.995849609375,,-1,,,888.0751953125,-0.23495714366436005,
0.6998409,0.014220154,0.012519791,-254.65405675768852,0.77150667,-254.65405675768852,4154,-0.36019093,-0.27419204,-540.2863547140903,13.158320188522339,0.234993,0.13199048,2.437013449251056,-7.601696491241455,,,,,,,,-0.3237111568450928,9299.646484375,,-1,,,872.2384643554688,-0.4137933850288391,
0.7360535,0.01134868,0.009263383,-229.95056584477425,0.79093707,-372.3930641710758,4288,-0.31673574,-0.25087553,-475.1036562113444,12.887280941009521,0.22410195,0.13738872,2.4076745455743205,-9.204906463623047,,,,,,,,0.5367288589477539,2296.212646484375,,-1,,,883.6184692382812,-0.44999921321868896,
0.76685625,0.0048749996,0.004973438,-260.2784939110279,0.8445104,-451.71818693388593,4422,-0.27977243,-0.18658754,-419.65865956293,13.21829628944397,0.23003805,0.13783754,2.478924726142539,-7.368051052093506,,,,,,,,0.3562327027320862,3027.61474609375,,-1,,,879.6267700195312,-0.16621412336826324,
0.6996284,0.018878898,0.01355255,-253.20463627576828,0.74551994,-285.14798760414124,4556,-0.36044598,-0.30537608,-540.6689351940038,13.258329629898071,0.22492045,0.11658714,2.2880790019196153,-8.317811965942383,,,,,,,,-0.21712112426757812,3403.64208984375,,-1,,,926.69189453125,-0.22095143795013428,
0.76090896,0.010086342,0.0077940966,-236.53900290528935,0.8421609,-1449.944519338091,4690,-0.28690937,-0.18940684,-430.3640594354674,13.078287601470947,0.20896843,0.08854342,2.667950963765897,-6.4351606369018555,,,,,,,,-0.1489088535308838,5334.3125,,-1,,,822.083740234375,-0.43519875407218933,
0.71513665,0.014283739,0.011217642,-204.25316479802132,0.78525764,-1397.8247758738055,4824,-0.341836,-0.25769082,-512.7540874197382,13.676969289779663,0.22965963,0.11485342,2.769109360094551,-7.339268207550049,,,,,,,,-0.09608098864555359,14500.853515625,,-1,,,1005.8566284179688,-0.3862587809562683,
0.74101156,0.011491517,0.0091333715,-169.97288778424263,0.8180563,-543.915026354737,4958,-0.31078604,-0.21833245,-466.1790733263405,12.959642171859741,0.21945235,0.10341729,2.7999831391179426,-6.999186038970947,,,,,,,,-0.026919826865196228,7351.23193359375,,-1,,,971.3759765625,-0.34023773670196533,
0.66156924,0.024563614,0.01836202,-183.87242731451988,0.7067093,-1375.5984089010292,5092,-0.40611693,-0.3519488,-609.1754234996932,13.396349906921387,0.2224968,0.10631265,2.9048622385722953,-8.172320365905762,,,,,,,,-0.024259112775325775,4388.7080078125,,-1,,,1029.427490234375,-0.26467621326446533,
0.67736757,0.017465869,0.013193228,-174.16743329167366,0.75304675,-467.77515350718073,5226,-0.38715893,-0.2963439,-580.7383987697768,13.66274619102478,0.25522664,0.12168523,2.8721554310508024,-6.723567008972168,,,,,,,,0.1980094313621521,2371.77392578125,,-1,,,1036.8480224609375,-0.4496179223060608,
0.7655936,0.011503059,0.008634681,-184.22728484869003,0.8518325,-184.2581306695938,5360,-0.28128764,-0.17780098,-421.93145024206314,13.267416000366211,0.19494084,0.06277039,2.733315740028162,-6.785763740539551,,,,,,,,-0.12054473161697388,1888.840576171875,,-1,,,1032.382568359375,-0.6316495537757874,
0.7549357,0.0034000003,0.0033689288,-323.981588000343,0.83869714,-372.5957253575325,5494,-0.2940771,-0.19356345,-441.11565577806795,13.445029735565186,0.2603878,0.15956345,2.5097653284864094,-6.547824382781982,,,,,,,,0.21462802588939667,1343.181396484375,,-1,,,1087.124755859375,-0.6656261682510376,
0.76081884,0.0061448864,0.005393178,-212.07819789648056,0.8398899,-243.91237315535545,5628,-0.2870173,-0.19213215,-430.5259560015129,13.416149854660034,0.23308553,0.13068329,2.2911685060054183,-8.34121322631836,,,,,,,,0.12421154975891113,2480.34228515625,,-1,,,1114.146240234375,-0.3532857894897461,
0.6818511,0.012980109,0.00986674,-231.79592236876488,0.7380892,-467.8534626638714,5762,-0.38177878,-0.314293,-572.6681450966954,13.642472505569458,0.28311136,0.1844919,2.251271912127033,-7.929791450500488,,,,,,,,-0.07168964296579361,5576.49853515625,,-1,,,1213.7138671875,-0.5789756774902344,
0.61099887,0.023149319,0.01845389,-384.43584471940994,0.6298947,-908.9688850111422,5896,-0.46680135,-0.44412643,-700.2020551122347,13.523713827133179,0.28226247,0.21263322,2.186249794986962,-7.81925630569458,,,,,,,,0.044877082109451294,2145.7783203125,,-1,,,1102.0784912109375,-0.5067309141159058,
0.60965616,0.03059568,0.02253641,-338.33827328681946,0.6410534,-442.3409700722663,6030,-0.46841267,-0.43073592,-702.6190224208422,13.639452695846558,0.24304861,0.12477915,2.3941076010852833,-7.697364330291748,,,,,,,,0.6165148019790649,8003.498046875,,-1,,,1205.910888671875,-0.3555799126625061,
0.5608478,0.036308177,0.027640477,-247.50669956207275,0.5605413,-247.73443281650543,6164,-0.5269826,-0.5273505,-790.4739059750789,13.178041934967041,0.25057784,0.1642687,2.3161047372647654,-8.113195419311523,,,,,,,,-0.38024917244911194,6245.68603515625,,-1,,,1162.5401611328125,-0.5195069909095764,
0.254229,0.035750296,0.031708054,-460.41703441049873,0.14141889,-2054.917964387553,6298,-0.89492524,-1.0302973,-1342.3877960238606,13.694031953811646,0.5778446,0.6727944,2.260029856435266,-8.063050270080566,,,,,,,,-0.34729552268981934,2365.0322265625,,-1,,,1190.8529052734375,-0.34687674045562744,
0.46106258,0.04518817,0.032897003,-429.31955417990685,0.32327938,-1582.639098738833,6432,-0.6467249,-0.81206477,-970.0873535559142,13.110340595245361,0.3177549,0.360183,2.158288144041293,-7.656137466430664,,,,,,,,-0.27206599712371826,3889.492431640625,,-1,,,1146.4971923828125,-0.4474100172519684,
0.6741099,0.012625018,0.010263484,-397.1735000709693,0.72812486,-496.7299678277995,6566,-0.3910681,-0.32625017,-586.6021784185914,13.636180877685547,0.2884333,0.2,2.024001625725097,-8.21536636352539,,,,,,,,-0.16830068826675415,9353.34375,,-1,,,1196.515380859375,0.005824185907840729,
0.60017866,0.026137978,0.01901537,-416.24339915448877,0.6318658,-511.04659143941745,6700,-0.47978565,-0.44176108,-719.6784670504675,13.284099340438843,0.28963196,0.18038133,2.1651753021437226,-9.7215576171875,,,,,,,,-0.10791180282831192,3775.46435546875,,-1,,,1255.04052734375,-0.16623246669769287,
0.6034004,0.020226046,0.017022308,-411.9723722040653,0.66478294,-509.4313747152522,6834,-0.47591949,-0.40226045,-713.8792116213783,13.268880128860474,0.3056964,0.2,2.317967103166538,-8.476916313171387,,,,,,,,0.16488885879516602,5486.6630859375,,-1,,,1239.16845703125,-0.3418823480606079,
0.6145635,0.025537644,0.017840564,-216.03581768274307,0.638895,-402.55100601911545,6968,-0.46276608,-0.43359828,-694.1491075333066,13.310306549072266,0.28436047,0.17822188,2.449221294590712,-7.912913799285889,,,,,,,,-0.37974226474761963,2261.417236328125,,-1,,,1293.451416015625,-0.3461877107620239,
0.7073597,0.009877205,0.007467637,-185.84424722194672,0.7669397,-754.8812763154497,7102,-0.35116845,-0.27967244,-526.752652173726,13.425773620605469,0.27649212,0.18090038,2.294522659263166,-8.278082847595215,,,,,,,,0.08103609085083008,2372.98828125,,-1,,,1362.33154296875,-0.41661161184310913,
0.6674703,0.012247268,0.009800188,-239.95874509215355,0.7440103,-239.95874509215355,7236,-0.39903563,-0.30718762,-598.5535166810139,13.248625040054321,0.30103382,0.18471496,2.181288849546857,-8.559096336364746,,,,,,,,0.42750808596611023,2862.830322265625,,-1,,,1432.2496337890625,-0.31430715322494507,
0.6371166,0.02123691,0.015972076,-255.78877061605453,0.6789512,-255.78877061605453,7370,-0.43546,-0.38525856,-653.1900592835432,13.39681887626648,0.2757393,0.17288944,1.7007914591927324,-9.472387313842773,,,,,,,,-0.16676276922225952,3278.58349609375,,-1,,,1379.362060546875,-0.5640168190002441,
0.62826174,0.020923901,0.014584414,-373.2298499941826,0.6589675,-485.40021925493755,7504,-0.44608602,-0.409239,-669.1289995394911,13.7859206199646,0.3002419,0.2,1.5269101064288217,-9.255175590515137,,,,,,,,0.10125643014907837,3057.111083984375,,-1,,,1377.651611328125,-0.5954781770706177,
0.6011144,0.026894972,0.018439323,-349.92724986238994,0.6443282,-586.1353836479011,7638,-0.47866276,-0.4268062,-717.9940978972132,13.268033027648926,0.29426953,0.1578565,1.5821419100080907,-8.168210983276367,,,,,,,,0.13301101326942444,494.21173095703125,,-1,,,1267.373779296875,-0.6014240980148315,
0.7337433,0.0008761948,0.0025699015,-368.5941951274872,0.8300586,-430.26441970274044,7772,-0.31950805,-0.20392959,-479.26202569337767,13.383012533187866,0.29380903,0.19516766,1.7471714909689693,-7.198873519897461,,,,,,,,0.4441983699798584,1466.5634765625,,-1,,,1249.674072265625,-0.40040886402130127,
0.59930116,0.027331319,0.018592335,-288.20920288562775,0.62165487,-959.3218427734031,7906,-0.48083863,-0.45401424,-721.2579574570282,13.019968032836914,0.29491532,0.18070109,1.3626782300380857,-9.217727661132812,,,,,,,,0.04960980638861656,3349.207275390625,,-1,,,1220.98291015625,-0.411612331867218,
0.6331482,0.020144036,0.0150276385,-340.36076828837395,0.6714894,-999.5966841741042,8040,-0.44022217,-0.39421266,-660.3332523815892,13.187916278839111,0.2899458,0.1927723,1.26979854169742,-8.860962867736816,,,,,,,,0.12235292792320251,2706.99072265625,,-1,,,1233.2685546875,-0.5850026607513428,
0.64271265,0.018731833,0.01359004,-416.86350131344483,0.67723477,-452.33518462266966,8174,-0.42874488,-0.38731834,-643.117251601629,13.73269510269165,0.29284447,0.2,1.325897536237072,-8.100156784057617,,,,,,,,0.1040303036570549,2231.75048828125,,-1,,,1211.9207763671875,-0.3980974853038788,
0.63913655,0.01720561,0.012693783,-416.20050129294395,0.68995327,-430.9542373986471,8308,-0.43303612,-0.37205613,-649.5541921846716,13.49810266494751,0.30609834,0.2,1.3645122091866182,-7.882849216461182,,,,,,,,0.18012478947639465,910.98876953125,,-1,,,1212.741943359375,-0.3955070972442627,
0.6371618,0.018359588,0.012644254,-429.55608850717545,0.6803368,-677.8504932847894,8442,-0.4354059,-0.38359588,-653.1088562398004,13.26561713218689,0.3089634,0.2,1.376717076309619,-8.084842681884766,,,,,,,,0.2757071554660797,2799.75732421875,,-1,,,1153.0166015625,-0.11050324141979218,
0.6222585,0.021678131,0.0164992,-418.4202737212181,0.65268224,-1372.0885498361158,8576,-0.45328987,-0.41678134,-679.9347907353784,13.207139492034912,0.2882979,0.2,1.266870867014913,-8.225517272949219,,,,,,,,0.08323238044977188,3688.3330078125,,-1,,,1222.195556640625,-0.5897140502929688,
0.75553274,0.0,0.0007281488,-410.6122229397297,0.8333333,-449.8180655326162,8710,-0.29336083,-0.2,-440.0412417979111,13.359986305236816,0.28607938,0.2,1.318874202553005,-8.778739929199219,,,,,,,,-0.03660520166158676,3575.790283203125,,-1,,,1269.18359375,-0.31334972381591797,
0.6674463,0.013813009,0.010349597,-414.3931534290314,0.71834,-483.378730148077,8844,-0.39906454,-0.3379921,-598.5968186991229,13.46918535232544,0.29556862,0.199862,1.3089833212184252,-7.808136940002441,,,,,,,,0.23583878576755524,1043.20849609375,,-1,,,1142.125732421875,-0.3375769853591919,
0.6691956,0.014513473,0.011400265,-407.78055441379547,0.7123877,-412.47365713606075,8978,-0.39696532,-0.3451347,-595.4479649395983,12.901101112365723,0.28296268,0.2,1.1688405025430688,-8.254672050476074,,,,,,,,0.1956358253955841,1884.115966796875,,-1,,,1221.1517333984375,-0.33434873819351196,
0.6835744,0.010239713,0.008090636,-413.6009267568588,0.7480024,-440.8926841446331,9112,-0.37971085,-0.30239716,-569.5662699208543,13.574687957763672,0.29880452,0.2,1.1819318548209325,-9.415889739990234,,,,,,,,0.06320919096469879,3618.23583984375,,-1,,,1184.9984130859375,-0.3109990358352661,
0.62859577,0.021036586,0.014034246,-313.3836133778095,0.66472745,-1245.200198061192,9246,-0.44568506,-0.402327,-668.5275575275496,12.542508363723755,0.3053426,0.1919612,1.3343109460804186,-8.342667579650879,,,,,,,,0.09830141067504883,1466.839599609375,,-1,,,1254.949462890625,-0.4518960416316986,
0.63437945,0.019083383,0.014599605,-402.13862136006355,0.67940015,-620.8581180648547,9380,-0.43874457,-0.38471988,-658.1169195217819,13.347381353378296,0.29274857,0.19388604,1.4401587731566046,-8.202451705932617,,,,,,,,0.08093705028295517,2572.7958984375,,-1,,,1192.32080078125,-0.1277039498090744,
0.6819915,0.01093076,0.008386331,-334.7144782245159,0.7515974,-536.5982647729917,9514,-0.38161018,-0.29808313,-572.4153201471674,12.920676469802856,0.29774693,0.18877554,1.3984312792396343,-8.871759414672852,,,,,,,,0.09651614725589752,1659.1966552734375,,-1,,,1175.442626953125,-0.12798459827899933,
0.7096458,0.0075000003,0.0070369644,-354.04429376125336,0.776511,-396.6065767109394,9648,-0.34842506,-0.2681868,-522.6375729116565,13.007201910018921,0.27805543,0.19318685,1.3601017755656128,-8.924832344055176,,,,,,,,0.00335673987865448,1990.1392822265625,,-1,,,1229.27490234375,-0.19332271814346313,
0.71568894,0.006,0.004457702,-412.07310646772385,0.7833889,-515.0416921388869,9782,-0.34117332,-0.25993332,-511.7599534327631,13.506673574447632,0.29659632,0.19993332,1.3833294930458826,-7.271158695220947,,,,,,,,-0.2150976061820984,3856.1484375,,-1,,,1155.0084228515625,-0.18162137269973755,
0.6727224,0.011621924,0.01063928,-427.5230955907276,0.736484,-444.1076433914048,9916,-0.39273325,-0.31621927,-589.0998104258967,13.185704231262207,0.28634042,0.2,1.5420528257482273,-7.971736431121826,,,,,,,,-0.06487679481506348,1871.95166015625,,-1,,,1159.0106201171875,-0.13645073771476746,
0.60816383,0.021354165,0.018287567,-431.4820802614286,0.655382,-1424.0991717312063,10050,-0.47020346,-0.41354164,-705.3051392329711,13.676204919815063,0.28732777,0.2,1.7015626776113657,-7.733983039855957,,,,,,,,-0.013826042413711548,2015.5330810546875,,-1,,,1211.4925537109375,-0.201935276389122,
0.58450425,0.024993202,0.019953536,-451.6038737429513,0.6250566,-928.5242801705997,10184,-0.49859497,-0.449932,-747.8924333316519,13.434479236602783,0.29905963,0.2,1.790120090623045,-9.737527847290039,,,,,,,,-0.2677234411239624,1494.315673828125,,-1,,,1329.20263671875,-0.2566143274307251,
0.64277995,0.018706936,0.013103747,-403.14441499114037,0.6782185,-450.9090606106652,10318,-0.42866412,-0.3861379,-642.9961417134008,13.313483476638794,0.29762664,0.19906855,1.9032598447161222,-9.503955841064453,,,,,,,,-0.30107343196868896,2968.4580078125,,-1,,,1367.978515625,-0.16483661532402039,
0.6933823,0.0074695973,0.0064283004,-409.71565133333206,0.7710867,-686.7382990121845,10452,-0.36794132,-0.274696,-551.9119433499626,13.741889476776123,0.30365834,0.2,2.0459940887662875,-9.135966300964355,,,,,,,,0.07179039716720581,1960.912109375,,-1,,,1329.41455078125,-0.11864589154720306,
0.60524386,0.022382205,0.017313497,-449.504602737843,0.64681494,-1485.9731874763972,10586,-0.47370735,-0.42382208,-710.5610493749923,12.846403121948242,0.30057245,0.2,2.0021471056794855,-8.554681777954102,,,,,,,,-0.3546069264411926,5113.7138671875,,-1,,,1336.524169921875,-0.042403995990753174,
0.57605857,0.028364655,0.021059413,-418.2970280751349,0.5971573,-527.850651294466,10720,-0.5089512,-0.48364654,-763.4267596597826,12.992998123168945,0.29835707,0.2,1.9866562582222804,-9.728230476379395,,,,,,,,-0.16881588101387024,1757.77001953125,,-1,,,1331.6197509765625,-0.36751270294189453,
0.6332545,0.018588886,0.015292534,-410.380966424942,0.67885166,-1626.1034604058793,10854,-0.44009465,-0.38537803,-660.1419136994649,12.93264102935791,0.2871693,0.19948919,1.8801490744671956,-8.372331619262695,,,,,,,,0.3882022202014923,1761.80810546875,,-1,,,1300.041015625,-0.2454758882522583,
0.65260845,0.015026726,0.012792705,-400.6239718198776,0.7093685,-400.6239718198776,10988,-0.41686982,-0.34875774,-625.3047258401062,13.143128156661987,0.28894278,0.19849047,1.8137592346499087,-8.669322967529297,,,,,,,,0.13463827967643738,2260.72314453125,,-1,,,1288.602294921875,-0.2247704565525055,
0.6325803,0.018049715,0.015610222,-409.2593112587929,0.682919,-1292.068199813366,11122,-0.44090372,-0.38049716,-661.3555533010335,13.272922992706299,0.28480148,0.2,1.8962788035004423,-9.426413536071777,,,,,,,,0.05368134379386902,2862.0673828125,,-1,,,1294.527099609375,-0.3111577033996582,
0.5933917,0.02718698,0.0195273,-322.6888238489628,0.6137054,-430.96331748366356,11256,-0.48792994,-0.46355352,-731.89487235241,13.484589576721191,0.29265696,0.19168372,1.903146773697491,-9.10651683807373,,,,,,,,-0.11674070358276367,1172.209716796875,,-1,,,1355.7235107421875,-0.030136480927467346,
0.6390011,0.018349892,0.014391237,-416.5256699323654,0.68041754,-481.83649153892935,11390,-0.43319872,-0.38349888,-649.7981305355595,13.065489292144775,0.2892864,0.2,1.9508183557285714,-9.069480895996094,,,,,,,,0.34912142157554626,2773.87451171875,,-1,,,1429.55419921875,-0.34111666679382324,
0.62146425,0.021715831,0.016684148,-405.7780679166317,0.65236807,-405.7780679166317,11524,-0.45424297,-0.4171583,-681.3644148580142,13.241083145141602,0.2874015,0.2,1.9908515058389848,-8.894659042358398,,,,,,,,0.06859598308801651,4144.5771484375,,-1,,,1392.949951171875,-0.40126335620880127,
0.6153229,0.021301895,0.017457794,-397.694986641407,0.6575452,-472.47005431252904,11658,-0.46161258,-0.4109458,-692.4188763256809,13.243040800094604,0.28703466,0.19792691,2.0201944260683597,-10.240602493286133,,,,,,,,0.24871158599853516,4586.5029296875,,-1,,,1480.15673828125,-0.43271952867507935,
0.4059035,0.05702107,0.042033955,-357.9437215924263,0.36252093,-357.9437215924263,11792,-0.71291584,-0.7649749,-1069.3737655119182,13.300942182540894,0.29257634,0.1947642,1.9971429135493206,-10.483196258544922,,,,,,,,0.21550582349300385,2866.39306640625,,-1,,,1559.1253662109375,-0.34218165278434753,
0.38147217,0.060462773,0.043141104,-460.9693492439689,0.3294769,-1567.5306271082836,11926,-0.7422334,-0.8046278,-1113.3501174765177,13.415301322937012,0.3108224,0.2,2.142258608049623,-9.88343620300293,,,,,,,,-0.05229313671588898,5937.48974609375,,-1,,,1461.4945068359375,-0.20054057240486145,
0.53976816,0.034519456,0.02533007,-403.9913848042488,0.5456712,-469.9715205345845,12060,-0.5522782,-0.5451945,-828.4172903207693,13.237967014312744,0.2989775,0.2,2.3032771489404804,-10.05002212524414,,,,,,,,-0.22303390502929688,2846.33349609375,,-1,,,1510.8631591796875,-0.2985631823539734,
0.5573291,0.030836623,0.025041666,-407.13580557089,0.57636154,-1313.5133715447798,12194,-0.5312051,-0.5083662,-796.8077000245738,13.037641286849976,0.28078845,0.2,2.315014552001521,-8.98354434967041,,,,,,,,0.13252884149551392,5040.078125,,-1,,,1471.72119140625,-0.3754730820655823,
0.60003823,0.024527237,0.019019376,-334.68011862039566,0.6354405,-1006.4833567142487,12328,-0.4799541,-0.4374713,-719.9311325781996,13.352378606796265,0.28976035,0.19219896,2.242076494553658,-9.34687614440918,,,,,,,,-0.35224562883377075,4170.28515625,,-1,,,1569.599365234375,-0.33299022912979126,
0.56103206,0.029177863,0.023424637,-411.0105004778095,0.5901845,-875.9187963207553,12462,-0.52676153,-0.49177855,-790.142302621087,13.344937801361084,0.2925152,0.2,2.290763003504298,-10.052602767944336,,,,,,,,0.3056291937828064,2658.4384765625,,-1,,,1601.65576171875,-0.346724271774292,
0.64470214,0.015672663,0.014264739,-408.88907250147014,0.70272785,-408.88907250147014,12596,-0.42635745,-0.35672665,-639.5362036113115,13.33942699432373,0.2837101,0.2,2.2462961062220828,-10.486457824707031,,,,,,,,0.12085624039173126,2299.94677734375,,-1,,,1612.204345703125,-0.3719767928123474,
0.66554415,0.012983775,0.011375643,-412.6958412528038,0.7251352,-465.9217266347501,12730,-0.40134704,-0.32983774,-602.0205636480656,13.391739845275879,0.28759062,0.2,2.172511853853206,-9.724968910217285,,,,,,,,0.004363857209682465,3686.7431640625,,-1,,,1477.839599609375,-0.2413868010044098,
0.5421519,0.037829958,0.02559604,-328.11160799860954,0.5269177,-462.3696882444084,12864,-0.5494177,-0.5676988,-824.1265317217085,13.147704601287842,0.29345733,0.18939915,2.1056936331191984,-9.670412063598633,,,,,,,,-0.09597247838973999,2668.34228515625,,-1,,,1449.290283203125,-0.17034494876861572,
0.5946773,0.023189027,0.018018123,-347.7748151421547,0.64696074,-626.1080087013055,12998,-0.48638725,-0.4236471,-729.5808409980812,13.164786577224731,0.30620602,0.19175689,2.130683941298923,-9.300539016723633,,,,,,,,-0.035173531621694565,2294.262451171875,,-1,,,1569.3486328125,-0.2537389099597931,
0.6383369,0.016298251,0.014600298,-422.15615567738416,0.6975146,-481.92765156144185,13132,-0.43399575,-0.36298248,-650.9936143968596,13.792595148086548,0.2879928,0.2,1.9738369904304733,-9.919533729553223,,,,,,,,0.046221766620874405,3203.30908203125,,-1,,,1614.072021484375,-0.36865273118019104,
0.6818919,0.009711606,0.0092582395,-395.59870928525925,0.7529433,-467.6201627245025,13266,-0.38172972,-0.29646814,-572.594556668013,12.793859481811523,0.28914735,0.19935207,1.9011851573385188,-9.598443984985352,,,,,,,,-0.040304750204086304,1096.1082763671875,,-1,,,1512.562255859375,-0.2747967839241028,
0.63754064,0.015323669,0.0138183115,-371.8139936029911,0.7078091,-371.8139936029911,13400,-0.43495122,-0.35062915,-652.4268427831855,13.028387069702148,0.29676813,0.19739243,1.8021284816162553,-10.041299819946289,,,,,,,,-0.5294172763824463,4096.26708984375,,-1,,,1453.341064453125,-0.12457145750522614,
0.5935176,0.024857353,0.019796174,-411.96466064453125,0.6261887,-1514.5273527900385,13534,-0.4877789,-0.44857353,-731.6683465659604,13.33318543434143,0.2898172,0.2,1.8269985301817138,-9.433671951293945,,,,,,,,0.3039768636226654,4462.234375,,-1,,,1528.986328125,-0.319976270198822,
0.6733472,0.010726565,0.00923178,-412.79463856126745,0.7439453,-426.5063286423683,13668,-0.3919834,-0.30726567,-587.9750711121911,13.574899673461914,0.2996656,0.2,1.8565056540640523,-10.09438705444336,,,,,,,,0.024993158876895905,5166.5732421875,,-1,,,1568.515380859375,-0.43277937173843384,
0.5637241,0.02738533,0.02211605,-460.7200318155708,0.6051222,-460.7200318155708,13802,-0.52353114,-0.47385326,-785.2966647196763,13.06760287284851,0.3023706,0.2,1.9482959016374621,-9.91642951965332,,,,,,,,-0.16642791032791138,30987.31640625,,-1,,,1527.55615234375,-0.3698846399784088,
0.4950804,0.041219734,0.028851667,-406.3837438225746,0.48983556,-1650.9759640892357,13936,-0.6059035,-0.6121973,-908.8552917172317,12.982949018478394,0.3173869,0.2,1.8316851504082836,-9.992757797241211,,,,,,,,-0.21875964105129242,5449.34619140625,,-1,,,1550.111083984375,-0.46066874265670776,
0.5556044,0.03018291,0.024590159,-403.12892751608575,0.5868303,-495.187347648563,14070,-0.5332747,-0.49580353,-799.9120470462701,13.219420671463013,0.28737313,0.19397454,1.7760435818990548,-11.051739692687988,,,,,,,,-0.23270180821418762,1584.76513671875,,-1,,,1485.1419677734375,-0.31513798236846924,
0.61932606,0.023166668,0.017218087,-406.91195553541183,0.64027774,-430.4621379403841,14204,-0.45680875,-0.43166667,-685.2131620234256,12.938419342041016,0.28462794,0.2,1.6555359475486378,-8.731277465820312,,,,,,,,-0.3681987524032593,3322.935791015625,,-1,,,1438.981689453125,-0.3274635970592499,
0.6438463,0.017170584,0.013932686,-408.69102155928516,0.69024515,-411.60566276311874,14338,-0.42738453,-0.37170583,-641.0767493006869,13.216928482055664,0.28805766,0.2,1.566588635569872,-11.23823356628418,,,,,,,,-0.06048191711306572,3280.63623046875,,-1,,,1627.896240234375,-0.36371728777885437,
0.5309107,0.0365199,0.027377909,-349.4041633605957,0.5402928,-1139.690623283386,14472,-0.56290716,-0.5516487,-844.3607972472503,12.744352340698242,0.28912812,0.18644968,1.5044214651602004,-9.984925270080566,,,,,,,,-0.08019129931926727,1422.783203125,,-1,,,1617.0927734375,-0.41479092836380005,
0.57107973,0.027777012,0.020309132,-424.23873925209045,0.6018582,-511.7798609312206,14606,-0.51470435,-0.47777018,-772.0565229683721,13.325207471847534,0.31161305,0.2,1.4953809668554383,-10.58912181854248,,,,,,,,-0.2679874300956726,3075.96875,,-1,,,1540.22314453125,-0.35678592324256897,
0.6343457,0.016863855,0.014467761,-409.74647575616837,0.6952643,-1282.8785181542237,14740,-0.43878517,-0.3656829,-658.177733467364,13.04765009880066,0.29410756,0.19704434,1.5148918189053329,-9.720551490783691,,,,,,,,-0.02242383360862732,1873.1490478515625,,-1,,,1471.832763671875,-0.3055395483970642,
0.58157754,0.026000846,0.019900544,-429.12775943960463,0.6166596,-853.9941519896199,14874,-0.50210696,-0.46000844,-753.1604404917996,13.431204319000244,0.30310157,0.2,1.5967984492691012,-10.534351348876953,,,,,,,,0.03618648648262024,4426.0986328125,,-1,,,1657.1978759765625,-0.35516610741615295,
0.46387556,0.047396455,0.033789035,-409.239626288414,0.43853182,-1521.37608986551,15008,-0.64356464,-0.6739645,-965.3469137352422,13.533440113067627,0.3056743,0.2,1.615945948038835,-9.469348907470703,,,,,,,,-0.11650726199150085,1794.9150390625,,-1,,,1553.71533203125,-0.37726977467536926,
0.59287834,0.02211382,0.01764264,-427.0860121713744,0.6490515,-474.5164120096665,15142,-0.48854607,-0.4211382,-732.8190726386205,13.478220462799072,0.31211966,0.2,1.6332756149438021,-10.607040405273438,,,,,,,,-0.11359850317239761,1070.713134765625,,-1,,,1581.6175537109375,-0.2718318700790405,
0.6064276,0.025824454,0.017420273,-380.495332211256,0.62004346,-1001.5596718311663,15276,-0.4722869,-0.45594788,-708.4303474951491,13.152965307235718,0.2980842,0.19770333,1.6181109677957184,-8.356629371643066,,,,,,,,-0.3085029125213623,3009.13330078125,,-1,,,1495.9949951171875,-0.2789934277534485,
0.6307211,0.021788353,0.016197126,-406.72542744874954,0.65176374,-406.72542744874954,15410,-0.4431347,-0.4178835,-664.7020062289454,12.85127592086792,0.28116342,0.2,1.5976634490636576,-9.741986274719238,,,,,,,,0.1666419953107834,6235.453125,,-1,,,1521.64990234375,-0.25380533933639526,
0.6890617,0.010305745,0.008767584,-414.9445470571518,0.74745214,-490.22307506242356,15544,-0.37312606,-0.30305746,-559.6890170915638,13.100447416305542,0.2854502,0.2,1.5551455079707617,-10.42527961730957,,,,,,,,0.1633073389530182,2278.478271484375,,-1,,,1573.435302734375,-0.26609230041503906,
0.6552944,0.011115774,0.0109974975,-430.40443714459735,0.74094,-430.40443714459735,15678,-0.4139168,-0.31115776,-620.8751303023504,13.329560279846191,0.30394182,0.2,1.5024649519333926,-10.307979583740234,,,,,,,,-0.03523460775613785,1960.780029296875,,-1,,,1497.4761962890625,-0.17739415168762207,
0.6099361,0.021364657,0.017606152,-426.1716538305376,0.65529454,-426.1716538305376,15812,-0.46807674,-0.4136466,-702.1151101163738,13.650080919265747,0.29201522,0.2,1.5417536141657062,-11.148054122924805,,,,,,,,-0.1676744669675827,1745.8499755859375,,-1,,,1700.22607421875,-0.43875962495803833,
0.5743734,0.02401782,0.02159734,-413.25392657518387,0.6331848,-782.3577733094048,15946,-0.51075184,-0.44017822,-766.1278212852592,13.680264711380005,0.29477853,0.2,1.6297800705329675,-10.440303802490234,,,,,,,,-0.28389430046081543,3988.785888671875,,-1,,,1524.83056640625,-0.3748278319835663,
0.5245204,0.036633685,0.027681997,-406.71450170874596,0.5280526,-1465.2869333260596,16080,-0.57057554,-0.5663368,-855.8633417612833,13.313135862350464,0.29375565,0.2,1.4855103419841125,-10.395146369934082,,,,,,,,-0.02105398289859295,3002.6982421875,,-1,,,1528.599609375,-0.2087530940771103,
0.730735,0.0015417001,0.0032461397,-412.4997084736824,0.8204859,-419.2814651528994,16214,-0.32311797,-0.215417,-484.67690693160495,13.501570463180542,0.29065657,0.2,1.4058505878821932,-11.526289939880371,,,,,,,,0.12917332351207733,2486.21240234375,,-1,,,1617.6597900390625,-0.2963793873786926,
0.5917851,0.02503706,0.01976653,-434.6580449772529,0.6246911,-1098.408880295578,16348,-0.4898579,-0.4503706,-734.7869345018204,13.043982982635498,0.29219267,0.2,1.3475373655246596,-10.738637924194336,,,,,,,,-0.07478078454732895,2984.153076171875,,-1,,,1567.7855224609375,-0.307610422372818,
0.6103702,0.021170694,0.01701428,-352.79493245482445,0.6630615,-634.0754831187309,16482,-0.4675558,-0.4043262,-701.3336538869208,13.232871532440186,0.297413,0.19261926,1.2939071760237744,-10.360767364501953,,,,,,,,-0.1389591544866562,6279.404296875,,-1,,,1585.90087890625,-0.28494399785995483,
0.5051875,0.040658806,0.029136892,-430.165996742713,0.49450994,-489.75182210358366,16616,-0.593775,-0.606588,-890.6625063161409,13.300524711608887,0.3024061,0.2,1.3433814135354307,-10.379972457885742,,,,,,,,-0.14448964595794678,3829.80126953125,,-1,,,1532.2216796875,-0.29950228333473206,
0.5877241,0.026876858,0.019771859,-412.1208966374397,0.60935956,-470.6630165595857,16750,-0.49473116,-0.46876854,-742.0967370112355,12.681688070297241,0.29701263,0.2,1.313412037195969,-10.675581932067871,,,,,,,,-0.07139314711093903,2284.972412109375,,-1,,,1588.16650390625,-0.4135725200176239,
0.5548354,0.030218635,0.02401118,-404.75534015893936,0.5817944,-404.75534015893936,16884,-0.53419757,-0.5018467,-801.2963740592265,13.306523323059082,0.2940858,0.19966045,1.3086815292035232,-10.820527076721191,,,,,,,,0.11537878215312958,2909.9833984375,,-1,,,1665.155029296875,-0.36302807927131653,
0.5755112,0.025852347,0.020072734,-397.95491540431976,0.6178971,-415.9940061569214,17018,-0.50938654,-0.45852342,-764.0798090917674,13.57765531539917,0.30865923,0.2,1.3324198247177697,-10.063533782958984,,,,,,,,-0.21866214275360107,5431.607421875,,-1,,,1625.923583984375,-0.3175603449344635,
0.5974542,0.022228358,0.01725535,-411.78475058078766,0.648097,-677.0046091145937,17152,-0.48305503,-0.4222836,-724.5825439421653,13.750502109527588,0.31050155,0.2,1.322510795219108,-10.676407814025879,,,,,,,,-0.025850050151348114,6615.0712890625,,-1,,,1700.60595703125,-0.3846576511859894,
0.5181244,0.041145224,0.026196698,-423.70313553772274,0.4904565,-444.6018832075495,17286,-0.5782507,-0.6114522,-867.376130120804,12.75830626487732,0.31628376,0.2,1.3113216317597753,-11.085702896118164,,,,,,,,-0.11386288702487946,2658.87548828125,,-1,,,1637.6934814453125,-0.18291032314300537,
0.5414673,0.033559807,0.022769606,-409.28137827848457,0.5537287,-460.14854193662666,17420,-0.55037385,-0.53559804,-825.5608267530215,13.361522436141968,0.32267788,0.2,1.331401976224234,-10.732931137084961,,,,,,,,-0.05973883718252182,2249.367431640625,,-1,,,1653.564208984375,-0.32949841022491455,
0.5548909,0.03324523,0.023578709,-406.5417287349701,0.5562898,-445.08159601688385,17554,-0.53413093,-0.5324522,-801.1964721856597,12.677863836288452,0.2983439,0.2,1.2679403435586585,-10.119665145874023,,,,,,,,-0.08710236847400665,2765.99462890625,,-1,,,1670.746826171875,-0.3144640028476715,
0.6202037,0.021992166,0.014533554,-395.62070336937904,0.65025985,-642.5584416399662,17688,-0.45598534,-0.4199217,-683.978020847411,13.51806092262268,0.3106498,0.2,1.3035441399005245,-10.484098434448242,,,,,,,,-0.0052564507350325584,4033.46826171875,,-1,,,1622.173583984375,-0.41904985904693604,
0.5067231,0.041059785,0.02852318,-408.30365562438965,0.4911685,-926.6850959967697,17822,-0.5919323,-0.61059785,-887.8984574504424,13.7366201877594,0.30670053,0.2,1.4247548674108235,-10.996971130371094,,,,,,,,-0.0004507899284362793,1623.1934814453125,,-1,,,1729.7073974609375,-0.42147380113601685,
0.6525717,0.014385249,0.011340233,-417.06207145963396,0.7134563,-494.6686373750369,17956,-0.41691402,-0.34385252,-625.3710197784741,13.343647480010986,0.3035117,0.2,1.3483793513244091,-9.697081565856934,,,,,,,,0.014288954436779022,2125.002197265625,,-1,,,1570.35693359375,-0.24782410264015198,
0.46141312,0.04736805,0.03232781,-455.2001023888588,0.43859965,-509.31813775499666,18090,-0.6463043,-0.6736805,-969.4564190793277,13.297735452651978,0.32302624,0.2,1.27966334420434,-10.84411334991455,,,,,,,,-0.025190547108650208,4776.4921875,,-1,,,1644.162109375,-0.36741745471954346,
0.5175693,0.035897713,0.026955988,-433.8246091604233,0.53543437,-962.109003404777,18224,-0.5789169,-0.5574788,-868.3753580373075,13.450235605239868,0.30935705,0.19850165,1.2388102417174796,-9.453228950500488,,,,,,,,0.15080595016479492,1218.9306640625,,-1,,,1555.04931640625,-0.3438642621040344,
0.5301506,0.043402754,0.02170498,-403.4118869304657,0.4716437,-1055.8943716467377,18358,-0.5638193,-0.6340276,-845.7289512127707,13.437024354934692,0.34676957,0.2,1.336365283967181,-10.052239418029785,,,,,,,,-0.12455961108207703,2155.221435546875,,-1,,,1604.8201904296875,-0.4563876688480377,
0.563829,0.027078277,0.023513794,-428.148294201919,0.60768104,-659.8534649223608,18492,-0.5234052,-0.47078276,-785.1077800754084,13.824106454849243,0.28826728,0.2,1.445841241182573,-9.716428756713867,,,,,,,,0.0005363970994949341,2295.845947265625,,-1,,,1594.594482421875,-0.39799970388412476,
0.59666836,0.020855581,0.019140704,-363.95487716794014,0.6625922,-1705.8597480265441,18626,-0.48399797,-0.4048893,-725.9968975153339,12.936026334762573,0.29259095,0.1963335,1.4643051921176096,-11.254310607910156,,,,,,,,-0.24110651016235352,3766.73974609375,,-1,,,1625.8233642578125,-0.4380982220172882,
0.5971669,0.025223423,0.017640274,-423.93283168758666,0.6231381,-423.93283168758666,18760,-0.48339975,-0.4522342,-725.0996301457646,13.836560249328613,0.30699703,0.2,1.4381314721633929,-10.51227855682373,,,,,,,,-0.1388951539993286,1796.0260009765625,,-1,,,1485.18017578125,-0.3224387466907501,
0.5000001,0.03864042,0.02478177,-402.27585276900504,0.5113298,-667.832013521876,18894,-0.5999999,-0.5864042,-899.9998250406665,13.379306077957153,0.3521822,0.2,1.4754908209546882,-8.866625785827637,,,,,,,,0.038124874234199524,782.87841796875,,-1,,,1517.44580078125,-0.18330013751983643,
0.5780321,0.02605921,0.020123672,-461.44766828559693,0.61617327,-1290.853725295744,19028,-0.5063615,-0.46059212,-759.5422642075974,13.850282907485962,0.3051248,0.2,1.5080013861821666,-10.94385814666748,,,,,,,,-0.1929725557565689,2861.080078125,,-1,,,1681.5150146484375,-0.17760449647903442,
0.6589665,0.0069759386,0.0071827117,-403.2185127735138,0.7441634,-809.9666954572228,19162,-0.40924028,-0.30700395,-613.8604164083097,13.562180519104004,0.33741316,0.23724458,1.491419010052415,-9.614978790283203,,,,,,,,-0.27697134017944336,1363.5032958984375,,-1,,,1487.8402099609375,-0.34230896830558777,
0.4437131,0.026547167,0.01979016,-407.9387282927831,0.50335205,-1410.3005243837833,19296,-0.66754425,-0.59597754,-1001.3164769341386,14.126770257949829,0.46964273,0.3305059,1.5591848498735157,-10.8976469039917,,,,,,,,0.006721127778291702,1384.6806640625,,-1,,,1550.52099609375,-0.3952616751194,
0.52372503,0.033949792,0.02210523,-405.43166929483414,0.54977006,-964.3471448919942,19430,-0.5715299,-0.54027593,-857.2950568254352,13.544652700424194,0.35047778,0.20077804,1.7746800334177635,-9.635223388671875,,,,,,,,0.1613944172859192,1971.902099609375,,-1,,,1574.62060546875,-0.34725821018218994,
0.54608595,0.022338482,0.015595421,-396.53801625967026,0.584003,-399.95459112464164,19564,-0.5446969,-0.49919644,-817.0454240878048,13.35151743888855,0.38874274,0.2758116,1.8332174282994185,-11.17892074584961,,,,,,,,0.02032296545803547,1344.525146484375,,-1,,,1642.31396484375,-0.31757259368896484,
0.5326786,0.026762158,0.019757565,-406.5781707867743,0.57497895,-481.7165356525458,19698,-0.56078565,-0.51002526,-841.1785282702137,13.642049789428711,0.36321005,0.2424037,1.9789523264134137,-9.656435012817383,,,,,,,,-0.03004610538482666,2605.4130859375,,-1,,,1531.5980224609375,-0.39604753255844116,
0.5228921,0.026474863,0.016073076,-414.76301632104094,0.5352913,-1258.3322624067464,19832,-0.5725295,-0.55765045,-858.7942744918452,13.778401136398315,0.41179875,0.29290175,2.0090730159403436,-10.739112854003906,,,,,,,,0.07864576578140259,1164.2501220703125,,-1,,,1575.2806396484375,-0.2535753846168518,
0.5218981,0.016044741,0.011906429,-395.56272080540657,0.5594393,-496.4152483280762,19966,-0.57372224,-0.5286729,-860.5833786733004,13.484792232513428,0.45465797,0.36822546,1.924134359300933,-10.232902526855469,,,,,,,,0.06514880061149597,1456.475341796875,,-1,,,1584.0196533203125,-0.3357292413711548,
0.48219055,0.039333563,0.02548309,-399.3974404633045,0.4862598,-932.129610863942,20100,-0.62137127,-0.6164883,-932.0569856164966,13.623985290527344,0.36654043,0.22315264,1.8604257418470478,-10.223262786865234,,,,,,,,0.061143577098846436,450.4810791015625,,-1,,,1539.91796875,-0.28471189737319946,
0.5278518,0.023085257,0.018182173,-413.64440385500586,0.55722487,-413.64440385500586,20234,-0.56657785,-0.53133017,-849.8668079956909,13.775575399398804,0.38475615,0.30047765,1.8119007958008064,-10.220495223999023,,,,,,,,0.02394474670290947,3314.811279296875,,-1,,,1475.302978515625,-0.25258293747901917,
0.40683994,0.03774345,0.021606416,-875.6765811303999,0.37986046,-1067.7611809372902,20368,-0.71205485,-0.74441034,-1068.08237001929,13.8376145362854,0.49599075,0.36697587,1.711078857234049,-10.660934448242188,,,,,,,,0.1600518673658371,2213.9130859375,,-1,,,1590.196533203125,-0.3993443548679352,
0.47249442,0.02633067,0.0102980845,-526.159978479147,0.48864847,-894.2176755666733,20502,-0.6330067,-0.6136219,-949.5100475588746,14.15121841430664,0.5300259,0.3503152,1.789287332057083,-9.406893730163574,,,,,,,,-0.13442039489746094,2218.149658203125,,-1,,,1558.765869140625,-0.45342719554901123,
0.54688185,0.027447065,0.018673442,-421.13752551990393,0.5679906,-1061.703440119823,20636,-0.5437417,-0.5184113,-815.6126081159598,13.632722616195679,0.35700732,0.24394064,1.7467930271901548,-11.372946739196777,,,,,,,,0.0428321436047554,1389.984619140625,,-1,,,1644.0703125,-0.3860985338687897,
0.5743942,0.0043729125,0.004362571,-425.3088873028755,0.68092144,-677.3112897551985,20770,-0.51097995,-0.3831138,-766.4699164535614,13.374675750732422,0.46735424,0.3393847,1.75544798118638,-10.770020484924316,,,,,,,,-0.02383292466402054,2698.498291015625,,-1,,,1516.1136474609375,-0.443416029214859,
0.57494885,0.0,0.00078742753,-415.5351854402478,0.648548,-484.98753531391804,20904,-0.51006144,-0.42174238,-765.0920746340936,13.512985467910767,0.50218713,0.42174238,1.7640638318136868,-10.490896224975586,,,,,,,,-0.21206369996070862,2364.310546875,,-1,,,1553.2645263671875,-0.37280458211898804,
0.49678776,0.0154403895,0.008515576,-421.8141939640045,0.5507242,-1106.0585070198233,21038,-0.6038547,-0.5391309,-905.782077801472,13.42405366897583,0.518699,0.38472703,1.6289308798222664,-10.618614196777344,,,,,,,,-0.023611966520547867,1210.185546875,,-1,,,1484.48583984375,-0.36275190114974976,
0.55994594,0.009272727,0.005912452,-394.9481027126312,0.6022859,-1081.3897389173508,21172,-0.5280649,-0.47725686,-792.0973405004179,13.42121410369873,0.46894038,0.3845296,1.549337933427834,-10.239543914794922,,,,,,,,0.007993601262569427,1527.0029296875,,-1,,,1425.7484130859375,-0.2950814366340637,
0.62153476,0.002134561,0.0026731354,-395.7304305434227,0.68269813,-1118.9521904289722,21306,-0.45415828,-0.38076225,-681.2373853720819,13.394917488098145,0.42742693,0.3594166,1.5819929923026008,-9.914020538330078,,,,,,,,0.14668136835098267,2306.307861328125,,-1,,,1436.2119140625,-0.35610824823379517,
0.57734174,0.013678601,0.011648777,-428.15599827906664,0.6498366,-450.07012170999445,21440,-0.5071899,-0.42019612,-760.7849520173838,13.704377889633179,0.39070222,0.28341013,1.5527677743555877,-11.293435096740723,,,,,,,,0.14832910895347595,2346.093017578125,,-1,,,1520.779296875,-0.4007251262664795,
0.43715692,0.02485064,0.021019753,-465.8449247759931,0.461195,-1137.1188174188137,21574,-0.6754117,-0.64656603,-1013.1175271722319,13.453023433685303,0.4652142,0.39805967,1.4602433778572035,-10.56241512298584,,,,,,,,0.1079503744840622,996.522216796875,,-1,,,1441.582275390625,-0.33634045720100403,
0.50116277,0.014686783,0.010881845,-479.182857470853,0.53598106,-488.00177779651824,21708,-0.5986047,-0.5568227,-897.9070561782453,13.663322925567627,0.4897863,0.40995494,1.3704255612259038,-10.79647445678711,,,,,,,,-0.14063522219657898,2242.2373046875,,-1,,,1444.7984619140625,-0.4563174247741699,
0.5576704,0.005167749,0.004191662,-403.12286541859305,0.6162685,-1119.7534375678706,21842,-0.5307955,-0.46047783,-796.1932793106502,13.279516220092773,0.4888789,0.40880036,1.4811824503861184,-11.152593612670898,,,,,,,,0.07172806560993195,2939.525146484375,,-1,,,1497.09130859375,-0.34221458435058594,
0.45832112,0.032874264,0.023095915,-407.9049109816551,0.45239574,-468.645836447012,21976,-0.65001476,-0.6571252,-975.022032503083,13.739518404006958,0.41905558,0.3283826,1.5454542705910514,-11.759611129760742,,,,,,,,0.1491483747959137,3851.416259765625,,-1,,,1516.021240234375,-0.450886607170105,
0.61975884,0.009513986,0.010102682,-428.13309354992475,0.68988776,-497.7159190353675,22110,-0.45628938,-0.37213466,-684.4341035164399,13.304440975189209,0.3552626,0.2769948,1.4697334297193412,-10.516876220703125,,,,,,,,0.022421980276703835,2241.31884765625,,-1,,,1365.428466796875,-0.2372017800807953,
0.6242642,0.00017361112,0.0009243662,-396.373015999794,0.6848103,-463.6754153982486,22244,-0.45088297,-0.37822768,-676.3244791214868,13.209439277648926,0.44163933,0.37649158,1.372735763946512,-10.292800903320312,,,,,,,,-0.377558171749115,1518.478515625,,-1,,,1421.98095703125,-0.40151458978652954,
0.52024275,0.0,0.0002226891,-395.87286391854286,0.5687547,-1077.1619878709316,22378,-0.57570875,-0.5174943,-863.5630822652778,13.20972228050232,0.57348186,0.5174943,1.3808371559148018,-10.537036895751953,,,,,,,,0.007043782621622086,1805.97705078125,,-1,,,1404.333251953125,-0.49956250190734863,
0.64330524,0.0026077097,0.0027016453,-400.2550247212251,0.704149,-1023.677094578743,22512,-0.42803374,-0.35502118,-642.0505840005933,13.502041578292847,0.40101725,0.32894406,1.3954059913069723,-11.428289413452148,,,,,,,,0.0943111777305603,2615.173828125,,-1,,,1476.7587890625,-0.4788413643836975,
-0.19770268,0.0,6.498016e-06,-2139.4445361196995,-0.20833333,-2154.9016742408276,22646,-1.4372432,-1.45,-2155.864792703873,13.118738889694214,1.437178,1.45,1.402449151334901,-9.863804817199707,,,,,,,,-0.15055504441261292,4355.51171875,,-1,,,1420.9677734375,-0.27041786909103394,
0.5799501,0.0,0.000633956,-397.2218987941742,0.64791167,-534.2252860744223,22780,-0.5040598,-0.42250603,-756.0897726669973,13.563425064086914,0.4977203,0.42250603,1.3449220372816113,-11.100072860717773,,,,,,,,0.006914317607879639,750.1307373046875,,-1,,,1380.798828125,-0.349973201751709,
0.62329376,0.005454275,0.0043177824,-422.1408428294318,0.7191579,-428.04839408397675,22914,-0.45204753,-0.33701062,-678.0712938644094,13.730157375335693,0.40886974,0.28246787,1.4018050462353062,-12.070746421813965,,,,,,,,0.24670501053333282,1100.3453369140625,,-1,,,1401.9979248046875,-0.4579349160194397,
0.68849164,0.0,0.0006024452,-409.863408267498,0.76136744,-457.67915120078067,23048,-0.37381017,-0.28635913,-560.715236945209,13.064116716384888,0.36778572,0.28635913,1.3998806000469854,-11.693519592285156,,,,,,,,-0.23764431476593018,2162.926513671875,,-1,,,1337.541259765625,-0.4964362382888794,
0.6369483,0.0037876056,0.0031697417,-424.61285424232483,0.7130875,-934.6852396937965,23182,-0.43566212,-0.34429497,-653.49308330915,13.304747343063354,0.40396464,0.30641893,1.3123671125559588,-10.814692497253418,,,,,,,,0.1830540895462036,803.7886352539062,,-1,,,1349.14111328125,-0.49316704273223877,
0.5874297,0.017943269,0.012937441,-408.18573331832886,0.62437826,-973.1069826839093,23316,-0.49508435,-0.45074612,-742.6265284421169,13.718695640563965,0.36570996,0.27131337,1.3146193160841722,-11.183300018310547,,,,,,,,-0.02949577569961548,881.1243896484375,,-1,,,1362.307373046875,-0.36707234382629395,
0.5897475,0.012540057,0.009351441,-427.54935078310365,0.6541916,-460.49547911340755,23450,-0.49230307,-0.41497007,-738.4546173309878,13.896911859512329,0.3987887,0.28956953,1.2887878542773135,-11.37677001953125,,,,,,,,0.04780491441488266,1651.979248046875,,-1,,,1376.00830078125,-0.3920339345932007,
0.6143433,0.00703125,0.004765068,-404.7221674323082,0.6763957,-1020.7795035495208,23584,-0.46278816,-0.38832512,-694.1822311928812,13.898234128952026,0.41513744,0.31801262,1.2275980569433294,-11.054946899414062,,,,,,,,0.10537494719028473,677.422119140625,,-1,,,1312.81494140625,-0.38738030195236206,
0.62192756,0.009034861,0.004483477,-404.5139828622341,0.6755388,-675.2469950914383,23718,-0.45368698,-0.38935345,-680.5304572986539,13.726987600326538,0.40885222,0.29900488,1.2922170513793438,-10.019990921020508,,,,,,,,-0.34695965051651,1692.832763671875,,-1,,,1285.3592529296875,-0.5071697235107422,
0.61565894,0.016504202,0.011480961,-404.7993507385254,0.67926556,-589.3050806697677,23852,-0.46120924,-0.38488132,-691.8138464727638,13.494040250778198,0.34639966,0.21983929,1.275366890125662,-10.593628883361816,,,,,,,,0.14774489402770996,1706.891357421875,,-1,,,1336.301513671875,-0.40344029664993286,
0.63525766,0.0012125861,0.0014155626,-408.507317841053,0.73016846,-1065.2280833928874,23986,-0.43769082,-0.32379782,-656.5362812579986,13.727393388748169,0.42353523,0.31167194,1.3036217760659472,-10.39576530456543,,,,,,,,-0.05102309584617615,2468.240234375,,-1,,,1298.1015625,-0.41815245151519775,
0.66647995,0.008916171,0.0057251924,-406.1193345286408,0.7146397,-433.25349411510217,24120,-0.4002241,-0.34243235,-600.3361388084223,13.292795896530151,0.34297216,0.2532707,1.1633597712857853,-9.117082595825195,,,,,,,,-0.04889138787984848,1448.1995849609375,,-1,,,1250.57568359375,-0.3200520873069763,
0.58247745,0.0074322014,0.0059045716,-399.45592814683914,0.641899,-867.4575496722358,24254,-0.50102705,-0.42972127,-751.5405821976686,13.34791612625122,0.44198138,0.35539922,1.11786858941301,-10.116959571838379,,,,,,,,0.019817396998405457,4234.07763671875,,-1,,,1230.3616943359375,-0.3225751519203186,
0.594493,0.0032465279,0.0040852316,-428.8227469810918,0.6743567,-990.7260893285263,24388,-0.4866084,-0.39077196,-729.9126298352874,13.614718437194824,0.4457561,0.35830665,1.0353291596988112,-9.171028137207031,,,,,,,,-0.09045331925153732,1023.6817016601562,,-1,,,1192.8648681640625,-0.41821759939193726,
0.6236653,0.0,0.00024287937,-404.1830820441246,0.6954421,-771.7200553682212,24522,-0.4516017,-0.36546952,-677.402561688424,13.725446939468384,0.44917288,0.36546952,1.069770719455529,-9.807971000671387,,,,,,,,-0.07953831553459167,1001.57568359375,,-1,,,1175.3458251953125,-0.40614399313926697,
0.62674624,0.0018951684,0.0015525027,-412.9453106367287,0.6969551,-669.4511924089353,24656,-0.44790453,-0.36365393,-671.8568229070108,13.448802947998047,0.43237954,0.34470224,0.9855172675977681,-8.918899536132812,,,,,,,,-0.09048868715763092,2430.2705078125,,-1,,,1250.42919921875,-0.5395532250404358,
0.65637434,0.00021033656,0.0008203875,-402.40062975883484,0.7363793,-674.3928907903623,24790,-0.4123508,-0.3163448,-618.5261803767364,13.302804708480835,0.40414688,0.3142414,0.9553799518761299,-8.991189956665039,,,,,,,,-0.009531467221677303,1603.295654296875,,-1,,,1170.0401611328125,-0.514153778553009,
0.69923234,0.0,0.00016960171,-396.60596096515656,0.78455293,-440.9786219488491,24924,-0.3609213,-0.25853655,-541.3819034868704,13.42977261543274,0.35922527,0.25853655,0.8734535335645692,-8.615365028381348,,,,,,,,0.25751984119415283,783.9620361328125,,-1,,,1159.08154296875,-0.44718265533447266,
0.7174137,0.00079365086,0.0010567561,-354.3693966113386,0.81311655,-612.9530636631713,25058,-0.33910358,-0.22426009,-508.6553577187627,13.964685201644897,0.328536,0.21632357,0.8105407823617325,-8.906312942504883,,,,,,,,-0.04820726439356804,3080.9306640625,,-1,,,1114.226318359375,-0.37830498814582825,
0.69723177,0.003125,0.002428762,-353.36364971376014,0.7839241,-369.0637032687664,25192,-0.36332193,-0.25929096,-544.9828622366605,13.672023057937622,0.3390343,0.22804096,0.8071808130160684,-8.204497337341309,,,,,,,,-0.024226468056440353,504.29510498046875,,-1,,,1084.6953125,-0.5630079507827759,
0.7184693,0.00061477406,0.00088544335,-376.6828624904156,0.82041895,-376.6828624904156,25326,-0.33783683,-0.21549723,-506.75526087966944,13.527830839157104,0.3289824,0.20934947,0.8419147420082712,-7.620033264160156,,,,,,,,-0.07063590735197067,429.31439208984375,,-1,,,1001.2008666992188,-0.45967334508895874,
0.74241745,0.00011379153,0.0005004558,-348.7662682646797,0.86029625,-586.702927666051,25460,-0.309099,-0.16764446,-463.64845757101705,13.858238697052002,0.30409443,0.16650653,0.8188159641878976,-8.180832862854004,,,,,,,,0.16410920023918152,464.2913513183594,,-1,,,926.3974609375,-0.5429194569587708,
0.7313725,4.5454544e-05,0.00037052823,-332.8052148222923,0.83420765,-408.57122809240667,25594,-0.32235304,-0.19895086,-483.5295213804287,13.909127235412598,0.3186477,0.19849631,0.838441490664249,-8.06727409362793,,,,,,,,-0.07501153647899628,2149.65576171875,,-1,,,954.754150390625,-0.6554281711578369,
0.7395192,0.0003125,0.00060981425,-375.6049056251116,0.8350352,-442.13325336304575,25728,-0.31257704,-0.19795774,-468.86550652604666,13.622321605682373,0.3064789,0.19483274,0.7812938514116947,-8.639664649963379,,,,,,,,0.11154820024967194,818.322021484375,,-1,,,917.1015625,-0.5372797250747681,
0.73824626,0.00023076923,0.00047885982,-231.45458498597145,0.8365167,-597.8970067042565,25862,-0.31410453,-0.19617996,-471.1567832582974,13.724054336547852,0.30931592,0.19387226,0.8140507668832428,-6.516997337341309,,,,,,,,0.09690175205469131,1742.4501953125,,-1,,,829.831787109375,-0.5592176914215088,
0.76458925,0.00051020406,0.00086777186,-339.82607387347156,0.8614262,-339.82607387347156,25996,-0.28249285,-0.16628866,-423.7392513452786,13.453346729278564,0.27381513,0.16118662,0.7782760572515558,-7.5274858474731445,,,,,,,,-0.06621026247739792,758.3524169921875,,-1,,,860.6016235351562,-0.5476900339126587,
0.8290459,0.0,0.000114092974,-238.4537026675041,0.9366781,-238.4537026675041,26130,-0.20514494,-0.07598633,-307.7174217095079,13.148585796356201,0.204004,0.07598633,0.8271800291023214,-7.702712059020996,,,,,,,,0.04215411841869354,763.3602905273438,,-1,,,835.640625,-0.697585940361023,
0.77433413,0.0,0.0003543911,-304.0575946213433,0.8806931,-304.0575946213433,26264,-0.27079904,-0.14316839,-406.19854105284014,13.386078357696533,0.26725513,0.14316839,0.8190654225902543,-6.909036636352539,,,,,,,,0.0072783492505550385,2728.63671875,,-1,,,784.1078491210938,-0.8554434776306152,
0.81090915,0.00025349652,0.00031094573,-246.97515964508057,0.95012635,-457.6754379937276,26398,-0.22690894,-0.059848316,-340.3634044706302,13.256703615188599,0.22379948,0.057313353,1.035283176223227,-5.901837348937988,,,,,,,,-0.1377687156200409,315.07220458984375,,-1,,,775.3223876953125,-0.8361164331436157,
0.7443838,0.0,2.5796508e-05,-248.76019030809402,0.85793656,-487.7455534040928,26532,-0.3067394,-0.17047611,-460.10906975305915,13.634188175201416,0.30648142,0.17047611,1.2991257842594315,-6.887022018432617,,,,,,,,-0.03601334989070892,706.3517456054688,,-1,,,800.0791015625,-0.6190783977508545,
0.8104484,0.0021045918,0.0021972612,-258.28120106458664,0.9090683,-289.1468305672918,26666,-0.22746195,-0.10911803,-341.1929196670773,13.487733364105225,0.20548934,0.08807213,1.2519051300710806,-5.714539527893066,,,,,,,,0.15803128480911255,1959.383056640625,,-1,,,768.3692626953125,-0.7011457681655884,
