eval/episode,eval/mean_episode_reward,eval/best_episode_reward,eval/info_neg_group_dist_mean,eval/info_performance_mean,eval/info_performance_final,eval/info_neg_fixation_dist_mean,eval/info_neg_fixation_dist_final,eval/episode_reward,eval/info_normalized_performance_final,eval/info_neg_group_dist_final,eval/info_normalized_performance_mean,eval/eval_time,train/info_performance_mean,train_actor/loss,train/info_neg_group_dist_final,train_actor/target_entropy,train_critic/loss,train/info_normalized_performance_final,train_actor/entropy,train/info_neg_group_dist_mean,train_alpha/loss,train_alpha/value,train/batch_reward,train/duration,train/episode,train/episode_reward,train/info_normalized_performance_mean,train/info_neg_fixation_dist_final,train/info_performance_final,train/info_neg_fixation_dist_mean
0,-1342.9087744460135,-931.009660074933,-0.26853487,-0.26858178,-0.26539713,-3.9082737e-05,-0.00033281939,-1090.5607794235334,0.015491602,-0.26499778,0.003096171,50.433244943618774,,,,,,,,,,,,,,,,,,
100,-1374.837086458489,-968.7500447034836,-0.24058367,-0.2749674,-0.2801907,-0.028653102,-0.036015335,-1000.0000149011612,-0.14740205,-0.2369723,-0.120747484,38.11958408355713,-0.35939658,406.00225830078125,-0.1954769,-8,15.68390941619873,-0.07811225,-0.1574268639087677,-0.22476543,0.09690942615270615,0.0725457709733495,-14.257512092590332,4.754814386367798,96,-1796.9829481595661,-0.19798858,-0.10663065,-0.3234337,-0.11219264
200,-1296.8750298023224,-937.5,-0.259375,-0.259375,-0.25937504,0.0,0.0,-1312.500238418579,0.0,-0.25937504,0.0,38.418835401535034,-0.29999995,671.730712890625,-0.3,-8,75.59505462646484,0.0,-2.845494031906128,-0.29999995,-0.012965748086571693,0.06976372623650118,-15.278104782104492,4.462197780609131,196,-1500.0000596046448,0.0,0.0,-0.3,0.0
300,-1346.5748103570384,-972.5365522851894,-0.20242304,-0.26931494,-0.2693525,-0.05574328,-0.06031681,-1500.0019580125809,-0.06822077,-0.19697231,-0.06304789,41.10909056663513,-0.4231253,716.4747314453125,-0.26563323,-8,65.12812805175781,-0.48401302,-2.231285572052002,-0.2665179,-0.11088809370994568,0.10869843718555103,-15.520365715026855,4.327731609344482,296,-2115.626422386504,-0.47174,-0.1341838,-0.42665377,-0.13050613
400,-1455.3051504909217,-1094.5940706750844,-0.19079542,-0.29106104,-0.2901172,-0.08355467,-0.08912067,-1524.4087017975835,-0.07880904,-0.18317237,-0.08012496,43.951539039611816,-0.25736803,737.1585083007812,-0.19149175,-8,104.17637634277344,-0.3355718,-2.321491241455078,-0.19215687,-0.03237733244895935,0.1303546920460205,-16.243791580200195,3.178929090499878,396,-1286.8402051439625,-0.32835102,-0.05606276,-0.25876707,-0.05434265
500,-1551.3954876214339,-968.7499701976776,-0.24605359,-0.3102791,-0.31319356,-0.053521257,-0.05883103,-2099.96069905872,-0.08222674,-0.24259631,-0.07139305,43.17711567878723,-0.29796162,834.8840942382812,-0.29436463,-8,96.49279022216797,-0.024533583,-2.386549949645996,-0.29432154,0.022468876093626022,0.12895084206952462,-16.64289093017578,3.913402557373047,496,-1489.80812126807,-0.014337381,-0.0054934393,-0.30095676,-0.003033408
600,-1422.9472902621353,-937.5,-0.23535056,-0.28458944,-0.28599763,-0.041032404,-0.04592343,-2280.048211799003,-0.0320184,-0.23088953,-0.024077171,43.2434287071228,-0.17981584,886.539794921875,-0.17251237,-8,676.67041015625,0.04135756,-3.233576536178589,-0.17515318,0.01490967720746994,0.13802125557227202,-15.6609525680542,3.0214076042175293,596,-899.0792417661578,0.040982213,-0.006027587,-0.17974547,-0.003885569
700,-1326.844638978971,-945.0204684169148,-0.20366138,-0.26536894,-0.26783,-0.051422954,-0.06101477,-2472.9852732783183,-0.07220127,-0.19461231,-0.06266186,43.13870120048523,-0.2760975,884.4031372070312,-0.2724291,-8,74.8033447265625,-0.018233463,-2.2076125144958496,-0.2744123,0.01533714309334755,0.15756351827304957,-15.719572067260742,2.9673011302948,696,-1380.4875528843331,-0.0039909254,-0.0063209166,-0.28001422,-0.0014043082
800,-1466.9448759612947,-968.7499701976776,-0.21816166,-0.29338896,-0.29526514,-0.06268942,-0.07033044,-1344.674891290124,-0.08203177,-0.21086863,-0.07153839,43.465871810913086,-0.37816882,926.876220703125,-0.24172351,-8,189.06390380859375,-0.12450973,-2.9517714977264404,-0.25244492,0.12682291865348816,0.1498494614822371,-15.033809661865234,5.924742937088013,796,-1890.8442837531766,-0.0084502855,-0.14997303,-0.42169115,-0.10476995
900,-1266.0046012230214,-968.7499701976776,-0.21515384,-0.25320092,-0.25228566,-0.0317059,-0.033792958,-1028.6028088442981,0.049699757,-0.2117341,0.046578415,40.519737005233765,-0.26874998,944.7867431640625,-0.26875004,-8,105.647216796875,0.0,-2.9808576107025146,-0.26874998,-0.030713016167283058,0.12784389331527948,-15.243114471435547,3.48919939994812,896,-1343.7502086162567,0.0,0.0,-0.26875004,0.0
1000,-1243.7512783391355,-937.5001490116119,-0.21559928,-0.24875024,-0.25642872,-0.027625801,-0.035237838,-1026.6569688757227,-0.03395328,-0.21414332,-0.009125629,40.92857909202576,-0.225,921.092041015625,-0.22500002,-8,135.16204833984375,0.0,-2.881085157394409,-0.225,0.07618145644664764,0.1339783095819111,-15.596084594726562,3.7513046264648438,996,-1125.0001192092896,0.0,0.0,-0.22500002,0.0
1100,-1589.803680009471,-1148.515396792849,-0.21937719,-0.31796077,-0.33176416,-0.082152955,-0.09710526,-3315.026059957454,-0.14965568,-0.21523786,-0.10569899,44.32648277282715,-0.46185088,990.8955078125,-0.18328062,-8,108.05939483642578,-0.5311818,-3.8403708934783936,-0.19277653,0.03625873103737831,0.1362688699202666,-16.115337371826172,4.491190433502197,1096,-2309.2542353524004,-0.47792256,-0.24601145,-0.47849435,-0.2242286
1200,-1380.373264003409,-1000.4693524877075,-0.1968482,-0.27607465,-0.282345,-0.066022046,-0.07806256,-1851.530391741544,-0.09434183,-0.18866995,-0.06854797,42.895145654678345,-0.3578625,991.9420166015625,-0.23160505,-8,96.2072982788086,0.003179608,-4.45710563659668,-0.2573274,-0.01594865694642067,0.14039003775030529,-15.219865798950195,5.255453824996948,1196,-1789.3124171881936,0.0127930995,-0.1081186,-0.36134738,-0.08377923
1300,-1584.492282157462,-1128.1319503090344,-0.20581914,-0.31689847,-0.3278587,-0.0925661,-0.10468469,-1250.0002980232239,-0.13354471,-0.20223708,-0.09414738,47.08986759185791,-0.26678562,997.3303833007812,-0.25920466,-8,122.72486877441406,0.086102754,-4.40239143371582,-0.25223917,0.08212672919034958,0.14289158713225994,-14.655574798583984,4.301149129867554,1296,-1333.9280230350414,0.110714674,-0.01247044,-0.27416918,-0.012122028
1400,-1311.5808873893923,-900.3539131337311,-0.17803858,-0.2623162,-0.25460738,-0.070231326,-0.078645274,-1806.3594525121152,0.061658658,-0.16023308,0.027276488,45.50415921211243,-0.3079959,978.475830078125,-0.14392556,-8,63.93603515625,0.018659523,-4.188126564025879,-0.15968268,-0.007117059081792831,0.14803270706510008,-14.301814079284668,4.3584065437316895,1396,-1539.9795061023906,-0.005700882,-0.1305083,-0.30053553,-0.12359438
1500,-1181.8041420008503,-967.2375125077087,-0.18467666,-0.23636083,-0.23474605,-0.043070126,-0.046564236,-1222.3329239874147,0.14576545,-0.17886898,0.14107186,45.326014280319214,-0.27915958,949.1898193359375,-0.22337143,-8,85.46601867675781,-0.16193186,-4.27091646194458,-0.22562379,-0.040269359946250916,0.1483168266965248,-14.423173904418945,3.2693817615509033,1496,-1395.7980142766974,-0.14527,-0.049874585,-0.28322095,-0.044613212
1600,-1050.812130821813,-601.4244246762246,-0.14616245,-0.21016243,-0.2071404,-0.053333312,-0.0647325,-733.1053828843869,0.2739818,-0.1294614,0.2599832,41.630181550979614,-0.30774558,927.240966796875,-0.16472843,-8,67.04966735839844,-0.05949039,-4.014514923095703,-0.20652042,0.024937845766544342,0.14467309764686048,-13.555781364440918,4.0891900062561035,1596,-1538.7276843604923,-0.14509962,-0.10000802,-0.28473806,-0.08435427
1700,-1206.3892529703444,-496.7455339350272,-0.1598522,-0.24127786,-0.24760704,-0.0678547,-0.078592196,-496.7455339350272,0.0067931116,-0.15329641,0.037007585,45.648136138916016,-0.1561572,904.8623046875,-0.10580451,-8,119.82171630859375,0.4766572,-3.9103262424468994,-0.11678814,0.006488500162959099,0.15495791013390586,-13.17325210571289,4.119599342346191,1696,-780.7859241799451,0.44477454,-0.034488056,-0.14719018,-0.032807533
1800,-1106.4626914050527,-652.5492155784741,-0.15333338,-0.22129254,-0.21508892,-0.05663263,-0.059206415,-1045.9358559257066,0.18985862,-0.1440412,0.17064284,44.18297290802002,-0.44508475,860.0226440429688,-0.2750012,-8,71.75782775878906,-0.649738,-3.971113681793213,-0.2751871,0.017945200204849243,0.1526077747859257,-13.294256210327148,3.9449408054351807,1796,-2225.4238886401617,-0.61849,-0.1488973,-0.45367795,-0.14158142
1900,-1243.5762015728696,-574.4988817407284,-0.16972947,-0.24871524,-0.24386545,-0.06582146,-0.07391018,-574.4988817407284,0.10194095,-0.15517321,0.08587246,48.132803440093994,-0.46570033,835.89208984375,-0.111999385,-8,85.10958862304688,-0.986103,-3.5677640438079834,-0.1566664,0.03906262665987015,0.16216199871684917,-13.56231689453125,4.764043092727661,1896,-2328.5015550830076,-0.5853627,-0.39284867,-0.5834178,-0.25752828
2000,-981.2457723549433,-347.62663169776715,-0.16010228,-0.19624914,-0.19235107,-0.030122403,-0.03159104,-1022.1113262290601,0.3118973,-0.15444182,0.29685688,43.877726316452026,-0.24532896,841.530517578125,-0.1877721,-8,88.47622680664062,-0.16009814,-4.480672359466553,-0.18931514,0.02356465347111225,0.16184694710502084,-13.468758583068848,3.898054361343384,1996,-1226.6448578139898,-0.15448916,-0.048957318,-0.24652088,-0.04667822
2100,-1201.8080533628863,-782.4941818891966,-0.18841825,-0.24036162,-0.24090917,-0.04328613,-0.048157375,-844.4531827819537,0.10681363,-0.18312033,0.109489836,42.93444633483887,-0.23636183,797.8524169921875,-0.22880124,-8,117.52149963378906,0.25551087,-3.126561164855957,-0.22373286,0.0653238371014595,0.17945172630046322,-13.142127990722656,4.393484115600586,2096,-1181.8092114475303,0.28645486,-0.014842336,-0.24661204,-0.010524166
2200,-1171.1477051214313,-554.9847524357028,-0.15578714,-0.23422953,-0.23748071,-0.06536866,-0.07429519,-1011.902305597356,0.08358525,-0.14832649,0.09459078,43.45892071723938,-0.27765748,794.2023315429688,-0.27900547,-8,90.7546615600586,0.16836065,-3.8043124675750732,-0.2719706,-0.10332795977592468,0.17377490966966727,-13.794638633728027,4.869260311126709,2196,-1388.2875646341563,0.19226903,-0.005725467,-0.28587604,-0.004739108
2300,-1122.3136352971462,-725.1148436358199,-0.17804122,-0.22446272,-0.22533277,-0.038684584,-0.048009437,-1745.3022643090071,0.18438303,-0.16772144,0.19340396,46.508402585983276,-0.23446813,728.6730346679688,-0.13071954,-8,71.67599487304688,0.3883878,-2.636533260345459,-0.15102573,-0.004133987240493298,0.18953739338886544,-12.255105972290039,5.296568155288696,2296,-1172.340656480519,0.35319138,-0.075824894,-0.22170942,-0.06953533
2400,-1367.615268785437,-863.1929093459621,-0.15348922,-0.27352306,-0.28358355,-0.10002822,-0.11547722,-1385.2127858034983,-0.11339084,-0.14501086,-0.06342149,48.63751220703125,-0.2621082,652.97119140625,-0.13500008,-8,53.200767517089844,-0.23224054,-2.391744375228882,-0.13984177,0.0892232283949852,0.18884671726521346,-12.212770462036133,4.086137533187866,2396,-1310.5411206837744,-0.23345037,-0.10570922,-0.26185113,-0.1018887
2500,-1035.60647765063,-657.8468747690931,-0.1557254,-0.2071213,-0.2046001,-0.04282992,-0.053055666,-1133.5106106381863,0.26929104,-0.1409333,0.26239142,45.441561460494995,-0.23877196,655.632568359375,-0.15800926,-8,54.30630111694336,0.27497527,-2.118964910507202,-0.16620454,0.03897003456950188,0.1666158963310682,-12.704586029052734,4.2452263832092285,2496,-1193.8597810501233,0.26531708,-0.06468649,-0.23563305,-0.060472827
2600,-934.9165400379388,-746.1753077397589,-0.1518352,-0.1869833,-0.17949644,-0.029290076,-0.032395817,-827.5161059910897,0.41843063,-0.14062145,0.39739528,49.59864568710327,-0.20926662,698.3326416015625,-0.18375936,-8,45.83449172973633,-0.014192329,-3.1317219734191895,-0.17388955,0.005838138982653618,0.15740322689059597,-12.643250465393066,4.407660961151123,2596,-1046.3332013366744,0.06992608,-0.037028268,-0.22819328,-0.029480925
2700,-958.0533972072292,-491.21188375087513,-0.16186737,-0.1916107,-0.1876199,-0.024786081,-0.028271925,-491.21188375087513,0.39799142,-0.15369359,0.38511866,50.94491934776306,-0.34352708,678.61279296875,-0.34337345,-8,55.937286376953125,0.00064411305,-2.2898712158203125,-0.34337798,0.06658080220222473,0.1675324615138377,-11.886354446411133,4.147239446640015,2696,-1717.6350282861495,0.0006487973,-0.00012930689,-0.34352863,-0.00012418733
2800,-1395.0460266956263,-660.366358608444,-0.1478735,-0.2790092,-0.3096758,-0.10927974,-0.14770636,-2551.015770890481,-0.24617787,-0.13242817,-0.11492889,46.988038063049316,-0.14835107,689.9443359375,-0.096908845,-8,54.39168930053711,0.5482826,-2.8118162155151367,-0.110482454,0.05660117417573929,0.15347111776845618,-11.628097534179688,4.390887260437012,2796,-741.7554101580754,0.50549644,-0.03217198,-0.13551521,-0.03155719
2900,-1109.1551407316924,-559.1579804254616,-0.14764185,-0.22183102,-0.22434768,-0.06182431,-0.071648635,-795.6884923735197,0.18727306,-0.13836935,0.1993114,49.06815266609192,-0.19699568,697.4039306640625,-0.102880076,-8,57.820533752441406,0.28001994,-2.24819278717041,-0.1112319,0.003148721531033516,0.16059637642145003,-11.898932456970215,4.548368692398071,2896,-984.9783554010355,0.28365222,-0.079262055,-0.19799455,-0.071469806
3000,-1199.3587661943911,-364.8455773611204,-0.16291597,-0.23987177,-0.27301988,-0.06412982,-0.10149467,-2713.725636964664,0.07289288,-0.15122627,0.18492621,48.369513750076294,-0.11749764,687.7200927734375,-0.09519281,-8,60.41630935668945,0.7165775,-2.496112108230591,-0.11367359,0.016302041709423065,0.1632026803281893,-12.271657943725586,4.034098863601685,2996,-587.4881736171665,0.66429245,-0.0033375623,-0.09919789,-0.0031867016
3100,-809.0666678266836,-588.4825231367722,-0.12652631,-0.16181332,-0.16679303,-0.029405853,-0.036815017,-588.4825231367722,0.4367333,-0.12261502,0.4611088,45.977028369903564,-0.16726808,664.5655517578125,-0.15562071,-8,60.39741134643555,0.54205,-1.9679445028305054,-0.16550547,0.115031898021698,0.17823042601302688,-10.6644926071167,4.168968200683594,3096,-836.3404303125571,0.5134019,-0.0014996754,-0.15742032,-0.0014688468
3200,-949.0790900418203,-600.4454543814791,-0.14101532,-0.18981582,-0.19613107,-0.040667083,-0.048366047,-1087.127887486422,0.24258976,-0.13809179,0.2658367,46.0281867980957,-0.112101465,642.410400390625,-0.08590717,-8,46.89662170410156,0.74263525,-2.008028507232666,-0.10672903,0.07434965670108795,0.1771933455309663,-10.693942070007324,5.5138397216796875,3196,-560.5073544336483,0.6853292,-0.0048158523,-0.09168619,-0.0044770297
3300,-807.5743693855302,-451.4207689091563,-0.12736867,-0.16151486,-0.16176674,-0.02845517,-0.032482732,-969.1921785085287,0.39708325,-0.122787476,0.39916888,48.522722482681274,-0.24716303,592.0364990234375,-0.09866123,-8,48.37972640991211,0.1901148,-0.8463456630706787,-0.11634887,-0.03585103526711464,0.17426266185087758,-10.299165725708008,6.094833135604858,3296,-1235.815078588712,0.3408986,-0.17087144,-0.30370694,-0.109011814
3400,-954.1502050865911,-618.4334699611463,-0.13985544,-0.19083004,-0.20783064,-0.042478833,-0.059215598,-784.6789827698376,0.2418547,-0.13677195,0.29262117,49.05579376220703,-0.12115706,577.992919921875,-0.09578881,-8,91.77630615234375,0.6994395,-2.0954344272613525,-0.11239034,-0.02834734506905079,0.16745837813173248,-10.543216705322266,4.849836826324463,3396,-605.7853039336624,0.65383697,-0.007839476,-0.10519618,-0.007305607
3500,-1062.1235939142125,-557.6358710014028,-0.15104257,-0.21242473,-0.21271317,-0.05115179,-0.056942742,-557.6358710014028,0.27814147,-0.14438187,0.2819823,51.66129183769226,-0.29614934,580.2979125976562,-0.08498773,-8,51.812225341796875,-0.014700949,-2.0007853507995605,-0.095909946,0.00036409590393304825,0.16759150546794188,-9.894815444946289,4.039031744003296,3496,-1480.746610033675,0.03298173,-0.18813701,-0.31075215,-0.16686612
3600,-1212.5670781654017,-608.700377498044,-0.21842444,-0.24251343,-0.24219842,-0.020074148,-0.02316252,-890.3908433216566,0.20430264,-0.21440342,0.20259278,44.17206311225891,-0.2283105,557.3330078125,-0.16065638,-8,53.3609619140625,0.29251152,-1.7634377479553223,-0.17153713,0.01237520482391119,0.1657146709775955,-9.70755672454834,5.323217868804932,3596,-1141.5524387977712,0.2694065,-0.05036149,-0.22109017,-0.047311105
3700,-1135.0092184389468,-563.5865986516001,-0.14293586,-0.22700185,-0.22654144,-0.07005499,-0.077015266,-931.0767177247908,0.17667183,-0.13412312,0.17650959,46.869999408721924,-0.07795638,567.0614013671875,-0.06572258,-8,53.7690315246582,0.485528,-1.9640692472457886,-0.06361666,0.05449772998690605,0.1619402150549967,-9.955764770507812,3.9053421020507812,3696,-389.78187496220926,0.643628,-0.039015148,-0.11254075,-0.011949752
3800,-857.3012986024174,-471.61908341775415,-0.1255148,-0.17146027,-0.17259681,-0.03828789,-0.04175521,-711.7332480909681,0.32478744,-0.12249056,0.32994062,45.478808879852295,-0.10206784,547.6975708007812,-0.0888703,-8,43.559654235839844,0.5521071,-1.8638954162597656,-0.09215146,-0.02034037560224533,0.16258012899123434,-9.567760467529297,4.091844320297241,3796,-510.3392014699057,0.53340423,-0.0075885723,-0.09797659,-0.008263645
3900,-942.5895980447419,-512.5119928700167,-0.13031152,-0.18851791,-0.20205636,-0.04850533,-0.06404327,-2611.5603928209657,0.18618691,-0.12520441,0.25671235,45.80980658531189,-0.17655446,542.3026123046875,-0.14424138,-8,48.42367935180664,0.17876992,-1.8356614112854004,-0.1334375,-0.013031340204179287,0.1556594349902518,-9.885387420654297,3.676705837249756,3896,-882.7722516148788,0.2756741,-0.046611227,-0.20017485,-0.035930794
4000,-693.6014042306863,-418.87079196516424,-0.10966863,-0.13872027,-0.13284937,-0.02420971,-0.02711933,-556.733523566225,0.5292495,-0.10030617,0.5124557,46.04213809967041,-0.16204382,525.55615234375,-0.1288994,-8,53.139060974121094,0.39315492,-1.5897796154022217,-0.13187942,-0.0046148840337991714,0.16192776922275692,-9.4552583694458,4.937613248825073,3996,-810.2191034970701,0.44836152,-0.041134465,-0.17826076,-0.025137007
4100,-765.1287170120617,-533.0312464875169,-0.12068211,-0.15302576,-0.14290905,-0.026953029,-0.029052436,-866.7182185033175,0.51385486,-0.10804613,0.4824842,50.859821796417236,-0.12975293,528.8843994140625,-0.09033292,-8,59.208614349365234,0.5490559,-1.8574265241622925,-0.10155977,0.03266028314828873,0.15223740097532237,-9.482120513916016,3.836745500564575,4096,-648.7646711073467,0.5281712,-0.028063934,-0.12400964,-0.023494296
4200,-994.3251492892653,-776.1915973499163,-0.14635614,-0.19886503,-0.20124993,-0.043757416,-0.052488703,-886.2007320968985,0.3554102,-0.1382635,0.36887085,49.959760427474976,-0.17340122,512.9862060546875,-0.15803888,-8,85.30213928222656,0.5280487,-1.4871106147766113,-0.16635798,0.012335408478975296,0.15593520844169867,-9.745622634887695,5.609597206115723,4196,-867.0061491514542,0.5045679,-0.005953403,-0.16518296,-0.005869386
4300,-1004.4388079795084,-529.1636133659631,-0.1496057,-0.20088775,-0.20371866,-0.04273504,-0.047127526,-1134.8535303970857,0.25166672,-0.14716561,0.26396692,47.88116765022278,-0.36249995,496.902099609375,-0.36250004,-8,75.4463882446289,0.0,-1.9234868288040161,-0.36249995,0.08618967980146408,0.15047336515407586,-8.785272598266602,3.6595029830932617,4296,-1812.5002086162567,0.0,0.0,-0.36250004,0.0
4400,-895.9134719343507,-480.9546635916922,-0.1449327,-0.17918268,-0.17471291,-0.028541654,-0.033282973,-1068.5222758818418,0.31850782,-0.13477334,0.30764356,46.92273569107056,-0.18237598,499.6920166015625,-0.080785625,-8,52.337127685546875,0.24416265,-1.2477720975875854,-0.08518893,0.03800657391548157,0.15864852388047457,-9.501799583435059,4.262737035751343,4396,-911.8798643234413,0.2882889,-0.09408141,-0.19368331,-0.08098921
4500,-725.59583554511,-375.6124423246365,-0.09962794,-0.14511918,-0.15454261,-0.03790935,-0.05336972,-484.77350725152064,0.3586813,-0.09049893,0.41572925,45.28571367263794,-0.13902053,478.6780700683594,-0.10106471,-8,38.909812927246094,0.53273165,-1.024029016494751,-0.1117926,-0.068074069917202,0.1573254615359566,-8.646354675292969,4.107946872711182,4496,-695.1026801485568,0.49447078,-0.022861734,-0.1284988,-0.02268994
4600,-875.2669369595591,-451.98738586797845,-0.110345915,-0.17505337,-0.21874495,-0.053922895,-0.09383394,-877.1972512517823,0.07499744,-0.10614423,0.30437538,45.65637469291687,-0.14691128,480.07928466796875,-0.08702404,-8,40.5303840637207,0.3992979,-1.6122784614562988,-0.09082838,0.02078475058078766,0.14852264833853343,-9.191230773925781,4.478342056274414,4596,-734.556376879425,0.45335346,-0.06201223,-0.16143872,-0.046735734
4700,-571.614740022663,-438.92350326059386,-0.09595689,-0.11432295,-0.09883682,-0.015305048,-0.015588706,-622.96687032911,0.65635335,-0.08013037,0.60614175,45.419275999069214,-0.24206382,471.762451171875,-0.16851781,-8,52.47520446777344,0.3668914,-1.1291141510009766,-0.21370962,-0.09593375772237778,0.1604140420900136,-8.828929901123047,4.973827362060547,4696,-1210.3191691887605,0.2958143,-0.040927716,-0.21763107,-0.02362851
4800,-907.419944018463,-374.56082734279335,-0.114264734,-0.18148398,-0.19236282,-0.056016058,-0.07372481,-697.5851507986226,0.2910095,-0.10389304,0.34128124,48.88092541694641,-0.105064295,472.63671875,-0.07399445,-8,65.10183715820312,0.7162434,-1.1704542636871338,-0.08902762,-0.03691773861646652,0.15999182763072864,-9.619491577148438,4.181058883666992,4796,-525.3214214938748,0.67038655,-0.013710805,-0.09044742,-0.013363881
4900,-956.9750387685981,-525.9205070929602,-0.12290964,-0.19139501,-0.21241912,-0.057071142,-0.08170199,-554.6440473000985,0.13629,-0.11437676,0.2011818,45.263447284698486,-0.14660591,464.1572265625,-0.086888574,-8,59.52342224121094,0.58359426,-1.1861109733581543,-0.10250772,0.0052318572998046875,0.14784984011890467,-9.607421875,5.291428565979004,4896,-733.029474937357,0.548905,-0.04036942,-0.13533188,-0.036748484
5000,-914.4582869606272,-494.17014367374577,-0.133755,-0.18289167,-0.19131143,-0.040947217,-0.053310733,-1361.3848785053779,0.32396573,-0.12733856,0.35238472,50.15334868431091,-0.17464308,470.38055419921875,-0.15704407,-8,56.35967254638672,0.5458501,-1.8033745288848877,-0.1700037,-0.060305044054985046,0.15999227649632472,-9.621172904968262,4.913856029510498,4996,-873.2153569872025,0.50977385,-0.0039556962,-0.1617909,-0.0038661328
5100,-854.7058472777651,-544.8726199808408,-0.12148123,-0.17094117,-0.16778368,-0.041216623,-0.046109296,-945.1340901583899,0.35561398,-0.11245251,0.35024467,47.49995160102844,-0.22594395,449.17559814453125,-0.13113272,-8,62.00600814819336,0.25525877,-1.3210649490356445,-0.14484932,-0.015173276886343956,0.16703152599476367,-9.06591796875,5.8055260181427,5096,-1129.7196966662887,0.29115626,-0.088544615,-0.23738626,-0.06757885
5200,-771.7765790942627,-437.6146086593268,-0.12311239,-0.15435532,-0.15035732,-0.02603577,-0.027017647,-1003.7063731495052,0.3879271,-0.11793615,0.37450188,44.15326976776123,-0.16393219,391.4492492675781,-0.14618993,-8,53.90119171142578,0.5792568,-1.1875990629196167,-0.15514208,-0.06655175238847733,0.17514124421741226,-8.831677436828613,4.665460109710693,5196,-819.6608722908422,0.55543816,-0.007465942,-0.15514906,-0.007325077
5300,-1142.598499278456,-611.5604887600057,-0.13170251,-0.2285197,-0.23012833,-0.08068098,-0.08986084,-753.8774290843867,0.08835728,-0.122295305,0.11091801,47.87772011756897,-0.24547556,403.0130920410156,-0.103498444,-8,54.8238525390625,-0.038077082,-1.4087860584259033,-0.10776738,0.040612589567899704,0.16428710403774927,-9.008934020996094,4.166759252548218,5296,-1227.3778105859856,-0.007079144,-0.12461072,-0.2530313,-0.114756815
5400,-748.7222802343937,-508.68553581181914,-0.1173203,-0.14974445,-0.14385597,-0.027020136,-0.029921314,-921.6524029615175,0.48529902,-0.10795039,0.46645296,45.2203311920166,-0.10666565,388.6715087890625,-0.08514261,-8,67.74931335449219,0.6834064,-1.8905954360961914,-0.09553678,-0.030644122511148453,0.1619880167530422,-8.835352897644043,4.042280673980713,5396,-533.3281899103895,0.651704,-0.009845149,-0.09695679,-0.009274048
5500,-1093.0657262059194,-644.331093247738,-0.14005487,-0.21861315,-0.230897,-0.06546523,-0.07834459,-1100.0230084241412,0.21907313,-0.13688348,0.26188496,52.65913724899292,-0.2800491,371.7756652832031,-0.11307982,-8,123.81217956542969,-0.3815891,-1.1078553199768066,-0.114558384,0.014358047395944595,0.18990154644558002,-9.447254180908203,4.378333330154419,5496,-1400.2455295990148,-0.09287445,-0.20079368,-0.35403225,-0.13790895
5600,-753.7980445332993,-455.1366935274564,-0.1053698,-0.15075961,-0.14972909,-0.037824843,-0.04375614,-530.8133931905104,0.34706008,-0.09722172,0.35091686,44.80978345870972,-0.27954713,372.12091064453125,-0.09891998,-8,87.79254150390625,-0.326286,-1.0208889245986938,-0.10400006,-0.035322561860084534,0.19395196357390257,-9.311092376708984,4.2270519733428955,5596,-1397.7356140143274,-0.27792963,-0.15933758,-0.29012507,-0.14628923
5700,-956.6350912473692,-475.6758988904767,-0.12563956,-0.19132702,-0.2096943,-0.054739546,-0.07096864,-597.6449448638596,0.11802904,-0.124531925,0.19826621,44.670122146606445,-0.17934847,369.3385314941406,-0.12766962,-8,54.19799041748047,0.379207,-0.792641282081604,-0.1292634,0.19274140894412994,0.17861574182479142,-8.533039093017578,4.740988731384277,5696,-896.7424018522252,0.42608488,-0.0552735,-0.19399782,-0.041737568
5800,-664.7582335339733,-376.1329520680033,-0.09877512,-0.13295166,-0.1421693,-0.028480437,-0.041445337,-677.8200063633744,0.40095243,-0.0924349,0.46132472,43.72342252731323,-0.29814765,354.60772705078125,-0.25021684,-8,56.81641387939453,-0.20831203,0.003999590873718262,-0.25011015,0.05569957196712494,0.2103814399909844,-8.837499618530273,3.1984243392944336,5796,-1490.7383945118636,-0.1925906,-0.04321767,-0.30207804,-0.040031314
5900,-909.3748874672381,-581.3617724672076,-0.13215616,-0.18187498,-0.18665697,-0.041432343,-0.05324201,-683.3255390598788,0.2806597,-0.12276657,0.31086293,45.95324897766113,-0.12530763,341.3627624511719,-0.10688338,-8,84.40965270996094,0.3804432,0.247415691614151,-0.11243943,0.04041336476802826,0.19410831136593343,-8.087268829345703,4.015597105026245,5896,-626.5381897066254,0.35325092,-0.010963126,-0.12003913,-0.010723506
6000,-1602.6837426844095,-646.7353503732011,-0.16978866,-0.32053673,-0.3491863,-0.1256234,-0.15518644,-815.1945533789694,-0.21141703,-0.16296256,-0.11581881,47.442294120788574,-0.51902467,308.6434631347656,-0.11957873,-8,86.67768859863281,-1.3204314,0.1792239248752594,-0.12539521,0.005726195871829987,0.20937989506574425,-9.69748306274414,4.685403823852539,5996,-2595.1235726097366,-1.129332,-0.37168872,-0.5656052,-0.32802457
6100,-990.3396344317989,-388.94095108262263,-0.11892909,-0.19806793,-0.22388025,-0.06594904,-0.091707215,-2534.0161227549834,0.14361502,-0.113831595,0.23865491,45.125182151794434,-0.10360971,340.4549560546875,-0.083125755,-8,101.50799560546875,0.585134,-0.3108486533164978,-0.08873842,-0.10535752028226852,0.19583958259286913,-10.001224517822266,3.7077128887176514,6096,-518.0485519324429,0.5637486,-0.012837439,-0.09853068,-0.012392737
6200,-831.9286616140243,-421.7134824488312,-0.13805561,-0.16638574,-0.16157454,-0.023608444,-0.025230533,-950.3712927283867,0.4287669,-0.1312979,0.41283533,48.687360763549805,-0.24476694,354.7071533203125,-0.23832867,-8,83.47616577148438,0.36343586,-0.010282441973686218,-0.24438906,0.0719916895031929,0.20052173674419943,-10.305788040161133,4.3922247886657715,6196,-1223.8346020261815,0.34728816,-0.00031906745,-0.23871155,-0.00031488494
6300,-880.4461306801019,-497.2233653208241,-0.11507983,-0.17608923,-0.18614498,-0.050841164,-0.06383316,-550.7584084046539,0.2983635,-0.10954521,0.33926696,45.505635023117065,-0.23917137,371.4865417480469,-0.10566795,-8,76.59834289550781,0.2977232,-0.3542128801345825,-0.14772272,0.07131177932024002,0.18921457336338948,-10.110118865966797,3.870703935623169,6296,-1195.8568864362314,0.18579961,-0.08385489,-0.20629382,-0.07620722
6400,-961.3401596854465,-490.6798212311696,-0.17008239,-0.19226803,-0.18734407,-0.01848804,-0.018834965,-717.0582335768268,0.3573478,-0.1647421,0.34076068,42.60533285140991,-0.08627952,402.3551330566406,-0.06408545,-8,65.70623779296875,0.8130037,-0.7164081931114197,-0.08386343,0.01476452685892582,0.18824826934748204,-10.057159423828125,4.77411150932312,6396,-431.397598907497,0.7578119,-0.0021099835,-0.06661743,-0.002013407
6500,-966.697301624823,-306.04539275635034,-0.115302846,-0.19333948,-0.20147562,-0.0650305,-0.07344118,-306.04539275635034,0.17864394,-0.113346204,0.21712212,44.53102684020996,-0.21357831,378.54412841796875,-0.11762782,-8,81.03679656982422,0.31181717,-0.08792296051979065,-0.123833865,0.08564936369657516,0.20508110824722642,-9.737751960754395,5.210279226303101,6496,-1067.8915042011067,0.31654942,-0.08119109,-0.21505713,-0.074787036
6600,-782.1209079779069,-566.4897577557713,-0.11080414,-0.15642418,-0.15542182,-0.0380167,-0.040611647,-699.6660573361441,0.3303231,-0.10668783,0.33231542,43.18686866760254,-0.17001852,377.943603515625,-0.141822,-8,49.23401641845703,0.5428588,-0.11539383232593536,-0.15054683,-0.06528794020414352,0.19743651395890907,-9.966093063354492,5.65888786315918,6596,-850.0924709439278,0.52275515,-0.017528825,-0.16285658,-0.016226383
6700,-1226.5454022216807,-497.42808788316324,-0.16529752,-0.24530908,-0.24316394,-0.06667631,-0.07261794,-545.9519534052356,0.10454257,-0.1560224,0.100059256,47.992390871047974,-0.13240214,356.52532958984375,-0.11085466,-8,60.2835693359375,0.69410986,-0.11983636021614075,-0.12861435,0.0015638209879398346,0.191673942536307,-10.229238510131836,4.999531030654907,6696,-662.0107340359232,0.6469275,-0.0032117702,-0.11470879,-0.0031565037
6800,-1300.470189539057,-1028.1796782720119,-0.15622766,-0.26009405,-0.2840863,-0.08655531,-0.10890788,-1267.583083086647,-0.09785186,-0.15339686,-0.0031701317,48.56083369255066,-0.16758706,353.0264892578125,-0.12573056,-8,61.12477111816406,0.38527903,0.7856069803237915,-0.13375093,0.10886376351118088,0.18921778824271185,-10.373170852661133,4.0830113887786865,6796,-837.9351246546139,0.37642044,-0.032896437,-0.16520628,-0.02819674
6900,-1051.608618199072,-511.0211233654991,-0.16096616,-0.21032171,-0.21045303,-0.041129638,-0.045970988,-1253.56683017069,0.206978,-0.15528786,0.2122668,48.43752694129944,-0.19588879,387.3927307128906,-0.17508419,-8,91.97052001953125,0.37986827,-1.0629743337631226,-0.17470345,-0.0594521090388298,0.17213329281380568,-10.119791030883789,5.72507381439209,6896,-979.443853671255,0.44031775,-0.034968264,-0.21704611,-0.01765446
7000,-870.2489525899515,-287.1247741719708,-0.12652086,-0.17404981,-0.17167875,-0.039607443,-0.042175896,-696.7797954738489,0.32527024,-0.12106768,0.3181879,43.91162180900574,-0.09154749,387.68182373046875,-0.074300915,-8,132.0426025390625,0.73958474,-0.5540447235107422,-0.08637133,-0.04813021421432495,0.1918670664195517,-10.286724090576172,4.433703660964966,6996,-457.73745880112983,0.7010694,-0.004542724,-0.079752184,-0.0043134587
7100,-854.3076569113176,-406.55317694938276,-0.16229449,-0.17086153,-0.16590196,-0.007139204,-0.0075949677,-655.4165686940541,0.42006603,-0.15678799,0.40317023,47.315632343292236,-0.19027103,315.86273193359375,-0.17192613,-8,195.01913452148438,0.5129663,0.9067221283912659,-0.1798067,-0.006317146122455597,0.2121771994533654,-9.764211654663086,5.022604703903198,7096,-951.3552080793306,0.49261063,-0.008926281,-0.18263766,-0.008720299
7200,-1404.2205220244782,-1000.0000894069672,-0.25383988,-0.28084412,-0.28277534,-0.0225035,-0.024725875,-1439.3102065626454,-0.043501757,-0.2531043,-0.03609269,40.77729845046997,-0.48488826,190.72723388671875,-0.21826272,-8,230.65032958984375,-0.41023254,3.3602609634399414,-0.28691965,-0.4997330904006958,0.30435623983651905,-9.604524612426758,5.901581048965454,7196,-2424.441105007427,-0.4367057,-0.21474235,-0.47595352,-0.16497381
7300,-1280.700112699803,-620.0366547011072,-0.1621361,-0.25614002,-0.25679854,-0.07833661,-0.08460659,-1718.75,0.045910507,-0.15527062,0.05328956,45.458245038986206,-0.24582425,65.3701171875,-0.120134175,-8,153.2181396484375,0.35286164,1.7856433391571045,-0.15737402,-0.016823813319206238,0.3236843752494355,-12.688289642333984,4.346836566925049,7296,-1229.1211873083375,0.29764503,-0.088636875,-0.22649843,-0.073708504
7400,-1263.8349701252032,-566.1943959233577,-0.18672271,-0.252767,-0.2654509,-0.055036895,-0.0699574,-1162.8968412450195,-0.057284154,-0.18150203,0.0073806304,43.378150939941406,-0.11105234,161.10134887695312,-0.092242524,-8,175.85203552246094,0.60367686,0.5091409087181091,-0.09943244,0.018386557698249817,0.23500418506658372,-12.403152465820312,3.935901403427124,7396,-555.2617325053791,0.57694346,-0.0098269265,-0.10403483,-0.009683253
7500,-808.3744898453728,-402.1249025812722,-0.114541516,-0.1616749,-0.18128212,-0.039277818,-0.055290066,-1789.3865820992505,0.3008513,-0.11493404,0.37274396,43.52995014190674,-0.17606096,189.83645629882812,-0.1663818,-8,109.49439239501953,0.45111695,1.3439418077468872,-0.1710293,0.04704679176211357,0.25165059159197467,-11.309791564941406,4.623086929321289,7496,-880.3048747684807,0.4366049,-0.004286789,-0.17152596,-0.004193052
7600,-685.7607277376113,-350.5208302848041,-0.11548958,-0.13715215,-0.13989446,-0.018052138,-0.02543461,-951.5656858448665,0.488297,-0.1093729,0.51068,48.54909038543701,-0.16728961,225.26730346679688,-0.13849816,-8,132.658203125,0.5560078,0.5408830046653748,-0.1486119,0.06748542189598083,0.2315710072457092,-11.673402786254883,5.63806939125061,7596,-836.4481139165582,0.53041506,-0.016395053,-0.15817222,-0.015564762
7700,-874.1580935135626,-296.81743517750874,-0.13682501,-0.17483161,-0.1679502,-0.031672172,-0.03388349,-1126.3149759965017,0.4376627,-0.12729003,0.416737,47.70396041870117,-0.16149122,264.36083984375,-0.0913263,-8,112.92926025390625,0.16960858,1.2362303733825684,-0.09468777,-0.08920176327228546,0.25473749577743365,-11.139556884765625,3.804943799972534,7696,-807.4560609925538,0.16649704,-0.057968374,-0.16088834,-0.055669535
7800,-797.5688052909134,-478.34493895417836,-0.11006013,-0.15951376,-0.16914183,-0.041211355,-0.054042183,-1120.892949209424,0.3938879,-0.104291216,0.4341306,45.23314142227173,-0.07876731,291.98883056640625,-0.05019615,-8,165.06631469726562,0.61951923,1.509763479232788,-0.0560669,0.11971630156040192,0.2448820818459617,-11.300628662109375,3.5881030559539795,7796,-393.83656053656523,0.59345907,-0.019601678,-0.07371816,-0.018917007
7900,-870.251594675675,-378.22873689234257,-0.116485305,-0.17405032,-0.17540695,-0.04797084,-0.052438132,-1124.7259827518774,0.29191205,-0.112481214,0.2999691,46.50582575798035,-0.19544514,338.049560546875,-0.18012919,-8,151.07464599609375,0.24637905,0.20560021698474884,-0.18267421,0.07985532283782959,0.23762899938443247,-11.835386276245117,3.5397541522979736,7896,-977.2256732545793,0.23728727,-0.010821817,-0.19311537,-0.010642414
8000,-618.3931585364041,-308.02238982374547,-0.095032014,-0.123678625,-0.11559953,-0.023872187,-0.025277812,-459.43592763542256,0.5735068,-0.08526616,0.5456592,45.38215446472168,-0.23917322,357.5904541015625,-0.16881832,-8,115.21913146972656,-0.25830054,0.37426820397377014,-0.1820874,-0.04987745359539986,0.26030921802657647,-11.005144119262695,5.602870941162109,7996,-1195.8661235676846,0.29133856,-0.2132151,-0.42467645,-0.04757152
8100,-1112.2106409190146,-473.72348896809854,-0.1325925,-0.22244214,-0.21459167,-0.0748747,-0.07474648,-743.1271181697957,0.12943919,-0.12489589,0.09563023,45.35633635520935,-0.25473922,352.0863342285156,-0.120486975,-8,148.90615844726562,-0.23511682,0.15972068905830383,-0.1370637,0.07404216378927231,0.2391012260019698,-10.43208122253418,4.16215181350708,8096,-1273.6961823448655,-0.27369606,-0.10544701,-0.24702339,-0.09806293
8200,-1252.9200026596804,-492.0345346921556,-0.14741153,-0.250584,-0.2586369,-0.08597705,-0.09841396,-879.6690757144825,0.096460804,-0.14054014,0.12856805,43.78768825531006,-0.19135076,360.5565185546875,-0.13022053,-8,148.08566284179688,0.19206221,-0.24694359302520752,-0.13287744,0.020577751100063324,0.22429218825264435,-10.670276641845703,3.525993824005127,8196,-956.753790914081,0.19431263,-0.05138725,-0.19188523,-0.048727755
8300,-773.8122776320074,-390.0244731170824,-0.11594748,-0.15476246,-0.15390041,-0.032345813,-0.036264546,-628.4747659460709,0.4215238,-0.11038295,0.4201209,43.98845720291138,-0.18765622,325.1051940917969,-0.17201243,-8,98.07292938232422,0.5157315,0.024121195077896118,-0.18125017,0.030240438878536224,0.21419902208657535,-9.054656982421875,5.784884452819824,8296,-938.2811366154783,0.4911018,-0.00546798,-0.17857401,-0.0053383796
8400,-1244.504029170606,-334.7215216457698,-0.1278687,-0.24890082,-0.2620415,-0.10086009,-0.11900058,-959.761020798469,0.0040661036,-0.11924086,0.057734232,45.8940532207489,-0.27063665,307.5636901855469,-0.116179205,-8,75.41048431396484,-0.3637358,-0.11992040276527405,-0.12543291,0.20283904671669006,0.19369059407163916,-8.294547080993652,4.311912536621094,8396,-1353.1831996515393,-0.35318306,-0.13047332,-0.2727472,-0.12100311
8500,-774.9261709007587,-329.245696766302,-0.107003786,-0.15498523,-0.17325506,-0.039984535,-0.060096037,-792.6999271693057,0.37915748,-0.101139806,0.44335964,47.06754398345947,-0.06384812,310.11773681640625,-0.03742003,-8,76.42109680175781,0.6993321,-0.04911033809185028,-0.044119302,-0.0197613388299942,0.2009589341809898,-8.753875732421875,3.678764820098877,8496,-319.24061599725974,0.67046136,-0.017361974,-0.0582544,-0.016440682
8600,-783.6846873080617,-375.74029583269294,-0.11149675,-0.15673694,-0.15732716,-0.03770016,-0.043510944,-407.2866743989289,0.40556687,-0.10511404,0.4123925,42.95492243766785,-0.15617573,287.4488830566406,-0.09898643,-8,64.78213500976562,0.359249,-0.35646241903305054,-0.1036346,-0.06151830032467842,0.20152594809163418,-8.768136024475098,4.268972635269165,8596,-780.8785926239775,0.35927907,-0.04766385,-0.15618305,-0.043784257
8700,-923.5429137441366,-414.3726294134103,-0.13665903,-0.18470858,-0.18921356,-0.04004129,-0.048041925,-414.3726294134103,0.24999532,-0.13156325,0.27726018,45.7140896320343,-0.16836788,284.126708984375,-0.09595402,-8,162.42587280273438,0.19677415,-0.5985167026519775,-0.10023999,-0.10189385712146759,0.1950190841651032,-8.928414344787598,4.085349798202515,8696,-841.8395556078758,0.2076804,-0.06227623,-0.1706855,-0.056773268
8800,-691.3010375372315,-446.19438075314974,-0.10134987,-0.13826019,-0.13471454,-0.030758621,-0.034725226,-523.99134828358,0.52030635,-0.093044266,0.511257,45.59832787513733,-0.17483833,246.59039306640625,-0.137608,-8,52.735137939453125,0.5407964,0.06880486011505127,-0.14791106,0.09705077111721039,0.1991096779322862,-8.121718406677246,4.735258340835571,8796,-874.1917521950603,0.5176873,-0.024044413,-0.1664613,-0.022439415
8900,-1115.120544933825,-415.40801276045386,-0.19390233,-0.22302411,-0.2217143,-0.024268154,-0.02884253,-1531.2332585453987,0.2586861,-0.18710329,0.25580835,48.6730637550354,-0.18405338,179.12908935546875,-0.16436237,-8,114.36905670166016,0.44292492,1.6380579471588135,-0.17340355,0.0933016687631607,0.28419540667626064,-9.004528999328613,4.220079660415649,8896,-920.2669634364065,0.42257756,-0.0110044265,-0.17756768,-0.008874875
9000,-808.7827143012405,-412.76921939156637,-0.10267966,-0.16175653,-0.17473063,-0.049230736,-0.06702984,-989.1227233468089,0.3953032,-0.09429483,0.43632704,47.50178074836731,-0.22363892,224.60150146484375,-0.14054278,-8,157.90272521972656,-0.068406254,0.9164543151855469,-0.13721208,0.23758280277252197,0.2111579455126252,-9.58547592163086,3.92356276512146,8996,-1118.194600439092,-0.052418415,-0.07207797,-0.22703634,-0.07202236
9100,-788.3544257676125,-530.1745833620034,-0.11350563,-0.15767089,-0.15726276,-0.036804378,-0.04304964,-593.1303127552383,0.44337273,-0.10560318,0.44130108,46.851372718811035,-0.12706655,228.71873474121094,-0.06655152,-8,104.74969482421875,0.009613656,0.078492172062397,-0.054011308,-0.08707751333713531,0.2168734632949044,-9.290453910827637,3.3871400356292725,9096,-635.3327019518474,0.32231185,-0.09928828,-0.18569745,-0.06087937
9200,-922.8097206344515,-533.8510007785226,-0.112323396,-0.18456195,-0.21126962,-0.060198795,-0.09109003,-655.5860874209793,0.24442244,-0.101961575,0.3518417,48.296056509017944,-0.1402799,249.96981811523438,-0.085449226,-8,77.011474609375,0.42756656,-0.13863742351531982,-0.09138904,0.05204146355390549,0.20778358833130886,-9.551534652709961,3.8752543926239014,9196,-701.39956693165,0.4093477,-0.042086437,-0.13595295,-0.040742394
9300,-839.635341028708,-402.5434773624829,-0.106005095,-0.16792706,-0.1655261,-0.05160164,-0.05525746,-580.5171392462216,0.3149745,-0.09921716,0.30793542,45.92583632469177,-0.43292403,234.47808837890625,-0.074942075,-8,96.40740203857422,-1.9997501,-0.1761445701122284,-0.07214909,-0.05716198682785034,0.2043316419589483,-9.644305229187012,4.045364618301392,9296,-2164.620204200146,-1.3089279,-0.4062593,-0.5624532,-0.3006458
9400,-709.3280531064217,-410.68910433503333,-0.11785845,-0.1418656,-0.121034786,-0.020005979,-0.020306375,-567.8854224354291,0.5131968,-0.096667126,0.45320874,41.49212026596069,-0.17938328,278.61260986328125,-0.107360594,-8,124.2363510131836,0.25127235,-0.18521739542484283,-0.11419301,-0.004243522882461548,0.20882450793727322,-10.163923263549805,4.6593177318573,9396,-896.9164721050765,0.3893335,-0.09381514,-0.21993876,-0.05432524
9500,-661.854054767377,-349.0131174144335,-0.0950317,-0.13237081,-0.13212578,-0.031115929,-0.035620388,-349.0131174144335,0.50294906,-0.089381315,0.5009817,45.57477116584778,-0.24724056,264.71697998046875,-0.13806227,-8,85.28670501708984,0.18521544,0.18015193939208984,-0.1448018,0.019486073404550552,0.21567764058564765,-9.922311782836914,5.42521071434021,9496,-1236.2028888548957,0.22434326,-0.10137525,-0.25971258,-0.08536566
9600,-871.0848597078945,-376.56862931857177,-0.10755794,-0.17421699,-0.18796507,-0.055549193,-0.074967004,-811.4011522286455,0.32687894,-0.098004654,0.36864316,43.98228073120117,-0.121256895,235.72767639160156,-0.10153096,-8,76.8456802368164,0.66303766,0.09450498968362808,-0.11160448,-0.0027526766061782837,0.21280481717771124,-8.912166595458984,5.333115339279175,9596,-606.2844967024557,0.6339414,-0.008406515,-0.11161878,-0.008043682
9700,-831.1588692281384,-488.6566750035854,-0.10587279,-0.16623178,-0.16633269,-0.050299156,-0.056255847,-488.6566750035854,0.36567765,-0.098825656,0.3666126,47.19244384765625,-0.17524193,243.8295135498047,-0.11915439,-8,182.3404998779297,0.4527194,0.4879644215106964,-0.14091392,0.0010422952473163605,0.22040999587108814,-8.797309875488281,5.031364440917969,9696,-876.209520880002,0.41586035,-0.037524827,-0.16418418,-0.028606648
9800,-944.0760126155808,-372.2852167570525,-0.13228858,-0.18881522,-0.19046465,-0.047105536,-0.0533698,-742.4647622363773,0.23454674,-0.12642089,0.25029776,48.472830057144165,-0.19647987,243.40048217773438,-0.15417154,-8,79.98930358886719,0.23971628,0.46417438983917236,-0.14967637,0.04538851976394653,0.2060896345710192,-9.317700386047363,4.57671046257019,9796,-982.3994718282484,0.28552774,-0.045755424,-0.20907804,-0.03900294
9900,-839.5907265554022,-252.74283248512802,-0.14108853,-0.16791815,-0.17046091,-0.02235802,-0.026010871,-802.8257282786944,0.4122344,-0.13924786,0.41620412,43.63151574134827,-0.07976931,241.06298828125,-0.06757585,-8,91.92066955566406,0.6618569,0.4851195514202118,-0.07325971,0.21956968307495117,0.19514247808349178,-8.276517868041992,3.5396454334259033,9896,-398.8465595256275,0.6353403,-0.0053274636,-0.073968805,-0.0054246695
10000,-902.0145216409474,-343.8807887270559,-0.118896514,-0.1804029,-0.19539544,-0.05125532,-0.06738963,-1163.6591900482745,0.27770486,-0.114527866,0.3320709,48.43394160270691,-0.08919609,288.64984130859375,-0.0732644,-8,84.21070861816406,0.6890457,-0.022169098258018494,-0.080957845,-0.08904018998146057,0.17842324874267917,-8.865190505981445,4.1967933177948,9996,-445.9804786593577,0.66020536,-0.0069675883,-0.08162551,-0.0068652155
10100,-701.9738249328751,-354.3394870058546,-0.10630556,-0.14039476,-0.13830209,-0.028407674,-0.032915756,-457.22452788618284,0.4889168,-0.09880318,0.48237836,45.261844873428345,-0.19717932,285.763427734375,-0.11111626,-8,68.87590789794922,-0.14220288,0.0768517553806305,-0.14288783,-0.03396812826395035,0.1784261918509428,-8.671483039855957,4.263793230056763,10096,-985.8966133836657,-0.017699685,-0.0918213,-0.22130182,-0.04524291
10200,-726.996366101754,-376.3950439420796,-0.12086452,-0.14539926,-0.1445494,-0.020445626,-0.026599819,-589.8261076666677,0.47399753,-0.11262963,0.4783611,47.88191866874695,-0.3289186,286.87237548828125,-0.16043355,-8,81.57566833496094,-0.5808744,-0.19464033842086792,-0.16032644,-0.0007630400359630585,0.18457797874629256,-8.918313026428223,5.284770488739014,10196,-1644.5930530969054,-0.052539557,-0.2779914,-0.49402323,-0.14049348
10300,-650.0788285220549,-478.04737943864893,-0.1084086,-0.13001578,-0.12421246,-0.018005965,-0.019759065,-642.5330323455273,0.5484032,-0.100501575,0.52747303,45.10049104690552,-0.13536821,272.42535400390625,-0.1235558,-8,72.85673522949219,0.60258913,-0.2808666229248047,-0.13232571,0.020654644817113876,0.1766795785875547,-8.367828369140625,4.1932532787323,10296,-676.8410957306736,0.5753154,-0.0025990908,-0.12667471,-0.0025354165
10400,-534.0244986093346,-459.67533224088584,-0.09204338,-0.1068049,-0.09965363,-0.01230127,-0.012757932,-729.5988089218736,0.6234258,-0.08434412,0.5967252,45.448628187179565,-0.65044856,262.9849548339844,-0.24638003,-8,60.238834381103516,-1.2378308,-0.3214167356491089,-0.24084604,0.007890038192272186,0.17631555948362734,-8.885540962219238,4.217036247253418,10396,-3252.2430681064725,-1.123914,-0.36579633,-0.68533564,-0.34133548
10500,-546.4796797306733,-322.0068822185931,-0.09242874,-0.109295934,-0.10255066,-0.014056,-0.016150083,-506.13169573858613,0.6399518,-0.083170556,0.6165363,42.1228449344635,-0.13996255,230.53292846679688,-0.08401615,-8,74.92137145996094,0.35632804,0.5777150392532349,-0.08912564,0.029919784516096115,0.18550240154339126,-7.6973042488098145,3.983699083328247,10496,-699.8126899444287,0.34135282,-0.04397012,-0.13678029,-0.042364083
10600,-629.8096623898296,-371.03661831619775,-0.09426538,-0.12596193,-0.12187239,-0.026413793,-0.02927947,-576.2192912970204,0.5127679,-0.08673702,0.4997847,45.776638984680176,-0.19000462,247.93023681640625,-0.07209798,-8,65.64936828613281,0.48333758,0.019867204129695892,-0.088440865,-0.02624182403087616,0.16845923996281273,-7.5243072509765625,4.290476083755493,10596,-950.0230462510171,0.49332103,-0.10137536,-0.19374841,-0.08463646
10700,-653.2465456087866,-300.4207207838772,-0.113560036,-0.13064933,-0.12525722,-0.01424106,-0.015639026,-830.5572906823909,0.56355536,-0.106490396,0.54457074,46.22807002067566,-0.1051406,211.480712890625,-0.09159885,-8,77.65050506591797,0.61662453,0.2563510835170746,-0.09860048,-0.041877277195453644,0.18675247099272865,-7.166108131408691,4.211669921875,10696,-525.7030429129304,0.5896952,-0.0055342596,-0.098239966,-0.005450097
10800,-527.2693535028054,-364.6617357761261,-0.094659105,-0.10545387,-0.095731124,-0.008995642,-0.00932293,-375.6083216919933,0.6707399,-0.08454361,0.6366825,43.43344306945801,-0.16825621,206.76211547851562,-0.15890636,-8,46.487449645996094,0.54364735,0.17024359107017517,-0.16744915,-0.02162788063287735,0.18834042030519269,-8.042818069458008,3.9054508209228516,10796,-841.281118968036,0.519268,-0.00068088935,-0.15972342,-0.00067255116
10900,-950.7419905764455,-412.3728301467415,-0.13716555,-0.1901484,-0.18718405,-0.044152375,-0.04859252,-581.7842500170809,0.3276845,-0.12887304,0.31867245,57.60187363624573,-0.3423721,183.98915100097656,-0.29837692,-8,170.78598022460938,-0.9292014,-0.32540762424468994,-0.19979809,-0.05205653980374336,0.190649617823836,-8.170040130615234,5.158405065536499,10896,-1711.8604433024302,-0.09559068,-0.25374877,-0.6028755,-0.118811674
11000,-691.6377052146993,-248.07981242469396,-0.1205441,-0.13832752,-0.13345778,-0.014819533,-0.0155464485,-248.07981242469396,0.51434994,-0.11480204,0.49517095,45.36554932594299,-0.12965102,160.48300170898438,-0.11507241,-8,101.47455596923828,0.6918706,-0.04345638304948807,-0.12917751,0.11103932559490204,0.1980560867522661,-7.436539649963379,4.816812753677368,10996,-648.2551691617118,0.654264,-0.00039675095,-0.11554851,-0.00039459622
11100,-675.5442511722508,-397.8107858970179,-0.10603267,-0.13510886,-0.13073528,-0.024230152,-0.02667427,-1355.8832923712907,0.49804324,-0.09872613,0.48199743,42.55440711975098,-0.10220442,140.90176391601562,-0.07449833,-8,122.52619934082031,0.54600847,-0.2404593974351883,-0.08085446,-0.06176544353365898,0.19651027612715133,-7.812261581420898,3.965223550796509,11096,-511.02211232363516,0.519038,-0.018312398,-0.09647321,-0.017791638
11200,-937.8132449983772,-249.4990603448241,-0.10626949,-0.18756266,-0.19860725,-0.06774429,-0.08193475,-463.37860954339703,0.35087168,-0.100285545,0.3787326,43.924729108810425,-0.09867494,153.75823974609375,-0.068719715,-8,53.82295227050781,0.53702706,0.3471275568008423,-0.07366677,0.1223631501197815,0.18148486453007656,-7.010652542114258,4.058024883270264,11196,-493.3746732615691,0.5489147,-0.027129693,-0.10127535,-0.02084014
11300,-760.6347465315408,-276.01212514387953,-0.10732585,-0.15212695,-0.15849009,-0.037334252,-0.047590747,-437.233885291713,0.47914824,-0.1013812,0.49166134,44.522162675857544,-0.12498277,178.12869262695312,-0.07521925,-8,53.114959716796875,0.45599964,0.7632767558097839,-0.08017373,-0.06818801164627075,0.1778535606000206,-7.328890323638916,3.674093246459961,11296,-624.913843665272,0.4445212,-0.03931737,-0.1224001,-0.037340857
11400,-773.7659370852436,-305.1369180241454,-0.11818512,-0.1547532,-0.15540841,-0.030473396,-0.040024146,-376.4633382503962,0.4537863,-0.10737945,0.46193662,47.00151515007019,-0.23246318,213.9141845703125,-0.1781988,-8,44.97145080566406,-0.4053444,-0.07123523205518723,-0.18705519,-0.02965186908841133,0.1556786034920678,-7.529908180236816,4.960328102111816,11396,-1162.3159116109855,0.1914324,-0.18819809,-0.40403652,-0.037839998
11500,-616.5401932620648,-353.0716363373722,-0.0937173,-0.12330804,-0.13472137,-0.02465894,-0.040522218,-353.0716363373722,0.5124536,-0.08609472,0.54654163,45.0211341381073,-0.072019696,228.03274536132812,-0.06113744,-8,61.8260612487793,0.7642129,0.16695567965507507,-0.07126164,0.0668359249830246,0.15400237067372613,-7.185823440551758,3.5918033123016357,11496,-360.0984779412829,0.7256393,-0.00063056184,-0.061894115,-0.0006317154
11600,-768.6482196917232,-483.74257382412907,-0.10130049,-0.15372965,-0.1541891,-0.043690965,-0.048469253,-498.75731132749934,0.3655305,-0.09602597,0.3722784,44.926666021347046,-0.20988879,230.97296142578125,-0.18837443,-8,33.31014633178711,0.37784836,0.39192909002304077,-0.19394502,0.15029683709144592,0.1551511942253324,-6.852712631225586,5.535000324249268,11596,-1049.4440042588394,0.3663735,-0.014761102,-0.20608775,-0.01328647
11700,-679.2192001719584,-374.29992501973175,-0.09001259,-0.13584384,-0.13466176,-0.03819272,-0.044777673,-813.1966358152567,0.5271197,-0.080928564,0.5208899,45.44134044647217,-0.23098825,240.26890563964844,-0.098615535,-8,42.530662536621094,0.30236205,0.7692368030548096,-0.122546256,-0.09998591244220734,0.14473195037729542,-7.680810928344727,4.895907640457153,11696,-1154.941286853466,0.32803422,-0.117664605,-0.23981306,-0.09036833
11800,-633.7796275386709,-307.79766621817544,-0.09606268,-0.12675592,-0.121893644,-0.025577702,-0.027458508,-624.006526923913,0.515089,-0.08894343,0.49785912,43.486613273620605,-0.19385834,264.50726318359375,-0.1938242,-8,41.602684020996094,-0.0005443266,0.20546437799930573,-0.1938273,0.018176473677158356,0.14007221585064608,-7.452611923217773,3.2823939323425293,11796,-969.2916756196155,-0.00055910286,-2.6058668e-05,-0.19385548,-2.586875e-05
11900,-709.7962994775818,-342.0552967988806,-0.09620784,-0.14195926,-0.13944921,-0.03812618,-0.043595515,-578.8275966774745,0.5393958,-0.087134585,0.52877,46.78542399406433,-0.19790806,251.62417602539062,-0.1023472,-8,26.985092163085938,0.46634156,0.4686916172504425,-0.11250427,0.02577345073223114,0.14657332641167217,-6.902883052825928,5.521071672439575,11896,-989.5402913575526,0.47224522,-0.08147893,-0.20012192,-0.07116982
12000,-467.20739695612554,-204.1077777103783,-0.084682465,-0.09344147,-0.08401197,-0.007299182,-0.007777135,-839.8304607658065,0.7061306,-0.07467942,0.674334,45.00684475898743,-0.25096372,239.0126190185547,-0.09457378,-8,43.11170959472656,0.09406842,-0.07313871383666992,-0.10276077,-0.029567424207925797,0.13234423244673493,-6.970132350921631,5.708102703094482,11996,-1254.8186377692036,0.10768462,-0.13351625,-0.2547933,-0.12350247
12100,-461.3246106462233,-279.13770012237364,-0.07412543,-0.09226492,-0.08454186,-0.01511624,-0.015752954,-279.13770012237364,0.64729506,-0.06563832,0.6189172,44.38374090194702,-0.4487415,235.10220336914062,-0.1624953,-8,40.219966888427734,-0.3774526,0.4704282879829407,-0.17022528,-0.14356300234794617,0.1367166606139757,-6.86496639251709,5.273219347000122,12096,-2243.707452006056,-0.3296044,-0.2519958,-0.46489027,-0.23209682
12200,-1646.0491665818026,-1055.7891947481403,-0.21023816,-0.32920983,-0.3487485,-0.099143066,-0.11575137,-1055.7891947481403,-0.28751776,-0.20984688,-0.22174811,43.17259621620178,-0.4589,171.03631591796875,-0.15801017,-8,125.29219055175781,-1.2200947,2.5121562480926514,-0.16792728,-0.23739074170589447,0.18519264196958393,-7.1234130859375,4.427205324172974,12196,-2294.500034711891,-0.88266647,-0.31928164,-0.5411481,-0.24247728
12300,-2588.0236492623067,-1503.385135493162,-0.2316794,-0.5176047,-0.5340166,-0.2382711,-0.2565837,-3174.621310762377,-0.88472605,-0.22611615,-0.8221122,46.649086236953735,-0.39269784,-625.979248046875,-0.14503945,-8,535.892822265625,-0.33638164,2.2534360885620117,-0.15304698,-1.733729362487793,0.3536507108169091,-7.569477081298828,3.995185613632202,12296,-1963.4891610384511,-0.28227848,-0.22018956,-0.40926692,-0.19970906
12400,-1521.345023768909,-377.31567637005355,-0.11111149,-0.304269,-0.36232787,-0.1609646,-0.21259642,-3062.470235020155,-0.42432117,-0.10721216,-0.16491805,44.457568883895874,-0.12118114,-1014.6145629882812,-0.06808819,-8,415.6251525878906,0.6425218,2.1043355464935303,-0.083182275,-0.09301862865686417,0.49131020777673295,-9.865701675415039,4.8582682609558105,12396,-605.9056308283471,0.61222035,-0.03635312,-0.111711934,-0.031665705
12500,-697.6960019134352,-349.9987909058109,-0.11728936,-0.1395392,-0.1569375,-0.018541541,-0.042825345,-442.9802945726499,0.4513967,-0.105547085,0.50644875,45.483866930007935,-0.51425344,-751.577392578125,-0.28672197,-8,267.031982421875,-1.36918,1.305508017539978,-0.24173902,0.349697470664978,0.3525283953351538,-9.650627136230469,4.422950744628906,12496,-2571.267237099237,-0.5237137,-0.42739695,-0.79959834,-0.22709538
12600,-1022.7602334097315,-439.7477371594141,-0.1377684,-0.20455205,-0.20672703,-0.05565304,-0.06656949,-965.0238279780785,0.27756515,-0.12684366,0.2887711,45.05228137969971,-0.14219588,-430.68951416015625,-0.12938552,-8,156.6726531982422,0.6209971,0.9655283689498901,-0.14132589,0.030157368630170822,0.2763478549586324,-9.505757331848145,4.54793643951416,12596,-710.9793987587909,0.58633924,-0.0007472914,-0.13028227,-0.0007250002
12700,-676.9381101835024,-368.888275162426,-0.089532726,-0.13538763,-0.1331664,-0.03821242,-0.0439416,-439.26893162812104,0.4725849,-0.08043647,0.47102803,43.99079751968384,-0.1395931,-192.8175048828125,-0.10217341,-8,128.41940307617188,0.3562336,1.1730023622512817,-0.10828346,-0.10586099326610565,0.2619778908346401,-11.15029525756836,4.167794704437256,12696,-697.9655251426902,0.34309137,-0.0288558,-0.13680038,-0.026091374
12800,-664.557534522336,-322.145347015458,-0.09106952,-0.1329115,-0.13232373,-0.03486833,-0.04168539,-477.4398822520743,0.48159903,-0.08230125,0.4804727,42.34130001068115,-0.22882943,-36.78415298461914,-0.21641037,-8,134.01995849609375,0.08637516,0.9737626314163208,-0.228589,0.15241579711437225,0.24404515061403373,-10.538300514221191,4.34877610206604,12796,-1144.1470619264874,0.036507666,-0.00047959556,-0.21698588,-0.00020032543
12900,-656.0883372810679,-351.4039099921865,-0.103414975,-0.13121767,-0.12314322,-0.023168903,-0.024974417,-351.4039099921865,0.56004775,-0.09317393,0.5344128,49.24013924598694,-0.27603418,70.23577117919922,-0.2633219,-8,132.80401611328125,-0.0042672902,0.24917849898338318,-0.26497948,0.05166024714708328,0.25809993313863305,-10.3919677734375,4.406390905380249,12896,-1380.171026349883,-0.0037607246,-0.01070967,-0.2761735,-0.009212286
13000,-737.6506528796482,-394.14562091437347,-0.10711718,-0.14753014,-0.15880242,-0.033677455,-0.046245854,-578.8262910738376,0.43854398,-0.1033074,0.48166195,48.21053886413574,-0.16299511,80.13236999511719,-0.077146195,-8,191.52908325195312,0.4221605,0.8898247480392456,-0.09443072,0.1969330757856369,0.2861027761704153,-10.654410362243652,4.814110517501831,12996,-814.9755662798452,0.48864284,-0.08920012,-0.18418634,-0.057136994
13100,-656.8585479158194,-321.4768427143724,-0.09884239,-0.1313717,-0.13499086,-0.027107766,-0.03769121,-489.6781512953271,0.5338194,-0.0897614,0.5430426,47.74442458152771,-0.17058794,90.41128540039062,-0.13930862,-8,197.1940460205078,0.35921237,1.2842726707458496,-0.14397672,-0.033839061856269836,0.2987432625227791,-10.632158279418945,5.049041986465454,13096,-852.9397409343983,0.39346507,-0.034094084,-0.18022151,-0.022176022
13200,-676.6639646540206,-338.3697996072078,-0.090387225,-0.1353328,-0.13751367,-0.03745464,-0.04818731,-384.0672965825661,0.54992664,-0.07968889,0.55677825,47.61589074134827,-0.16311468,121.13140106201172,-0.15612906,-8,142.0056915283203,0.49884695,1.2588495016098022,-0.16264173,0.25321486592292786,0.2835838192488581,-10.35346794128418,3.6831610202789307,13196,-815.5734262452461,0.47803307,-0.00040106408,-0.15661034,-0.00039414846
13300,-596.5059806048428,-217.4994235207123,-0.09308837,-0.1193012,-0.11456124,-0.02184402,-0.025254127,-475.49472605478513,0.601587,-0.08425628,0.5826431,44.144553661346436,-0.064094245,130.2950439453125,-0.043566223,-8,130.32826232910156,0.8270562,0.2508487403392792,-0.05797807,0.2598915696144104,0.24138070103797532,-9.050399780273438,4.151899337768555,13296,-320.4712641035803,0.7770636,-0.0051292586,-0.049721334,-0.005096819
13400,-946.5349191394428,-304.08870507990287,-0.14245084,-0.18930697,-0.18511933,-0.039046787,-0.04818758,-448.9370497514028,0.42114735,-0.12729424,0.40648896,49.85236716270447,-0.110244505,121.31016540527344,-0.08920781,-8,75.60623168945312,0.61220455,0.5234512090682983,-0.096003205,0.202172189950943,0.22055774176180634,-8.0986909866333,4.7677178382873535,13396,-551.2224831595086,0.58978796,-0.012510181,-0.10422003,-0.011867732
13500,-831.648636067961,-399.6170015441021,-0.1276475,-0.16632974,-0.16139726,-0.032235187,-0.03490468,-682.1132035049959,0.38882175,-0.11951165,0.37514555,45.546814918518066,-0.17919125,90.71529388427734,-0.1302423,-8,122.39857482910156,0.2769439,0.5194764137268066,-0.13445681,0.14997252821922302,0.23299460584656545,-7.369647026062012,4.630876779556274,13496,-895.9562152134095,0.26485646,-0.038335524,-0.17624493,-0.037278697
13600,-1709.647724837784,-547.3557168088155,-0.17181903,-0.34192955,-0.37912282,-0.14175875,-0.16822895,-2063.766696656967,-0.33790302,-0.17724808,-0.20234492,49.21880054473877,-0.36484164,34.70589828491211,-0.2238266,-8,177.63502502441406,-0.05728108,1.7446203231811523,-0.20298943,-0.16309179365634918,0.25378931661580284,-8.003484725952148,4.280926465988159,13596,-1824.2082163414489,-0.024116842,-0.12735817,-0.3766564,-0.13487683
13700,-807.0124445216325,-415.105903857675,-0.109538,-0.1614025,-0.15713109,-0.043220412,-0.048182253,-844.6366018021945,0.480781,-0.09931239,0.4686906,50.59065818786621,-0.31118605,23.423633575439453,-0.23485783,-8,160.81475830078125,0.04645195,1.1244187355041504,-0.23658328,0.18691246211528778,0.25303087230759425,-8.602670669555664,5.342509984970093,13696,-1555.9303038817598,0.060570337,-0.06750412,-0.31586277,-0.06216899
13800,-664.5530636052621,-399.68406463111023,-0.10421313,-0.13291061,-0.1313379,-0.023914566,-0.028673014,-441.0687733573104,0.4916399,-0.09693028,0.4876212,44.29103064537048,-0.13608551,89.23963928222656,-0.10411697,-8,155.2648162841797,0.59214467,0.28572970628738403,-0.11432722,-0.047042571008205414,0.21428394960399408,-8.666479110717773,4.148193359375,13796,-680.4275640292326,0.5645263,-0.019448178,-0.12745479,-0.018131908
13900,-707.4821499267837,-319.48723188692384,-0.11279254,-0.14149643,-0.13655475,-0.023919914,-0.027427394,-497.14108756596033,0.54180545,-0.10364187,0.52325344,46.579678535461426,-0.050302517,114.89065551757812,-0.03454765,-8,115.792724609375,0.78462666,0.9422554969787598,-0.041963544,-0.14106237888336182,0.23528200678221084,-7.997359275817871,3.2834203243255615,13896,-251.51257178629749,0.7484875,-0.007105858,-0.04307468,-0.00694914
14000,-473.280776577859,-311.20703257009154,-0.0822226,-0.09465616,-0.08693816,-0.010361295,-0.010866839,-364.08753204072127,0.6484426,-0.07389795,0.6183478,41.45768928527832,-0.09598232,155.36181640625,-0.076307006,-8,99.0638427734375,0.6435007,0.5896620750427246,-0.08546352,0.11568927764892578,0.19670827013669676,-7.543483734130859,4.268182754516602,13996,-479.9116251817986,0.6062264,-0.008824764,-0.086896725,-0.008765677
14100,-625.061142360439,-323.6326487973565,-0.09324079,-0.12501223,-0.11951703,-0.026476203,-0.029168868,-492.1828544844175,0.54567707,-0.08451437,0.5257521,44.71562886238098,-0.4155189,196.0554656982422,-0.20000169,-8,148.9524688720703,-0.6312466,-0.2938555181026459,-0.18349367,-0.12204407155513763,0.2009861817526258,-8.899847984313965,5.882370948791504,14096,-2077.5947415645624,-0.3035889,-0.2666318,-0.51995987,-0.19335438
14200,-822.7200786885493,-275.43086466737805,-0.10338709,-0.16454402,-0.16319625,-0.05096411,-0.057902962,-2104.3970725266263,0.35492015,-0.0937127,0.35310987,43.069334745407104,-0.22045791,152.11077880859375,-0.12068995,-8,106.24824523925781,-0.19381224,1.0938796997070312,-0.12186622,-0.016501810401678085,0.22300618903631003,-7.896806716918945,4.032204866409302,14196,-1102.2896280733312,-0.13784732,-0.09217598,-0.23130113,-0.082159765
14300,-843.3162233080533,-439.9421592944509,-0.1358004,-0.16866323,-0.16460165,-0.0273857,-0.03169668,-629.5336307712159,0.44268999,-0.12656565,0.43010387,47.74455142021179,-0.15910634,164.21173095703125,-0.15139608,-8,91.93970489501953,0.44621462,1.2803184986114502,-0.12776296,-0.08029641211032867,0.21402768992941776,-7.917161464691162,4.44392991065979,14296,-795.5317197664772,0.56108594,-0.04112594,-0.2007472,-0.026119478
14400,-910.5828806385591,-381.84485270543973,-0.11989481,-0.18211658,-0.18264973,-0.051851463,-0.059268124,-381.84485270543973,0.3414619,-0.111527994,0.34323546,47.19047737121582,-0.103740685,185.207763671875,-0.08001742,-8,132.8187255859375,0.6122597,0.15334901213645935,-0.0898115,-0.15808816254138947,0.20698599309087526,-8.907629013061523,4.546237468719482,14396,-518.7034020347767,0.57439727,-0.012078573,-0.0945117,-0.011607652
14500,-752.7341748563717,-340.62393216445344,-0.13958152,-0.15054683,-0.14350691,-0.009137767,-0.009514173,-591.8905298356549,0.52095956,-0.1320899,0.49704936,45.18801498413086,-0.19738628,201.71755981445312,-0.07946336,-8,66.98654174804688,0.21552335,0.9024344086647034,-0.08763245,0.06786929070949554,0.21761311312399342,-9.220483779907227,4.64069390296936,14496,-986.9315414395533,0.21045485,-0.09721319,-0.19611919,-0.09146155
14600,-541.520449728048,-306.0733140318848,-0.088727705,-0.10830409,-0.098542854,-0.016313652,-0.01803251,-357.0326472252782,0.64695203,-0.076903835,0.61753637,46.996105432510376,-0.07134857,194.2366180419922,-0.05521609,-8,108.873779296875,0.6706635,0.3868290185928345,-0.06067846,-0.22131168842315674,0.20560897544339538,-8.853150367736816,3.205806255340576,14596,-356.74284503494164,0.6432572,-0.0088760145,-0.065867305,-0.008891764
14700,-968.9508545019592,-393.5120340181311,-0.11408188,-0.19379017,-0.21409953,-0.066423565,-0.09076934,-2062.0242098809103,0.116930224,-0.10517631,0.21550518,44.937201261520386,-0.09355736,190.0945281982422,-0.065109566,-8,56.453155517578125,0.56846523,0.5778051614761353,-0.07033962,0.02774433046579361,0.18850848888263116,-7.5631208419799805,3.2680375576019287,14696,-467.7867864118889,0.5463887,-0.01991208,-0.08900406,-0.019348117
14800,-880.8188012649374,-256.6684407001594,-0.13075636,-0.17616376,-0.17886277,-0.037839502,-0.044966374,-476.8845925293863,0.33735794,-0.12490312,0.3566005,48.380332469940186,-0.10215683,163.92578125,-0.087436,-8,86.08808135986328,0.6878523,1.007861614227295,-0.096222036,0.019209278747439384,0.1806560288025622,-7.555681228637695,5.247246742248535,14796,-510.7841908032424,0.65947723,-0.0051735924,-0.093644306,-0.004945657
14900,-1325.6650419125074,-631.0907063330524,-0.17518905,-0.265133,-0.28416008,-0.07495331,-0.09336641,-1315.4710638446977,-0.18105087,-0.17212039,-0.10942851,41.00040936470032,-0.23426947,107.19100952148438,-0.08190792,-8,184.4947052001953,-0.6300027,1.5801893472671509,-0.16229989,-0.5333261489868164,0.24279551971227115,-8.316601753234863,3.0529074668884277,14896,-1171.347428454901,-0.13585198,-0.21190013,-0.33618808,-0.059974667
15000,-1196.586627073906,-488.6640358273871,-0.11587529,-0.23931733,-0.24943292,-0.10286836,-0.11785612,-2455.1297399937903,0.04150181,-0.10800558,0.08353016,46.937676668167114,-0.3206444,53.76593017578125,-0.10267078,-8,127.05193328857422,-0.5562758,2.316434144973755,-0.10043748,0.4148339033126831,0.2730060910292851,-8.740427017211914,3.8682429790496826,14996,-1603.2219552565948,-0.46580297,-0.19813712,-0.34043533,-0.18350574
15100,-662.0615249911441,-436.9378681578493,-0.11162312,-0.13241231,-0.13351047,-0.017324321,-0.024137545,-626.1560295499535,0.560092,-0.104545414,0.56139064,50.74994421005249,-0.11468244,98.75633239746094,-0.085858986,-8,77.12449645996094,0.58235174,1.7091114521026611,-0.09327765,0.041302382946014404,0.2175852305393603,-7.699466705322266,3.795518636703491,15096,-573.4122630579805,0.5524588,-0.017636152,-0.10702237,-0.017837351
15200,-856.3287276120733,-432.9536805430098,-0.12454538,-0.17126575,-0.17919822,-0.038933627,-0.052902658,-885.7142061682316,0.34744328,-0.11571503,0.38772997,49.59790873527527,-0.17423208,120.75519561767578,-0.12902954,-8,131.06976318359375,0.40338126,0.3293890655040741,-0.1219492,0.1055072546005249,0.2218060356573254,-8.729850769042969,4.750074625015259,15196,-871.1605063282695,0.46390122,-0.054059617,-0.19390108,-0.043569084
15300,-771.9081673829451,-550.258857031231,-0.117556214,-0.15438162,-0.16606176,-0.030687852,-0.03882879,-935.9646388787405,0.420192,-0.1194672,0.4546599,49.892396450042725,-0.1272078,109.45812225341797,-0.11135216,-8,110.08303833007812,0.5879458,1.202189326286316,-0.11812683,0.09579818695783615,0.24421713123626443,-8.334747314453125,4.7026941776275635,15296,-636.0390373204223,0.5669522,-0.008073984,-0.12104094,-0.007567486
15400,-670.8538565329682,-414.85115190196666,-0.10714457,-0.13417077,-0.1278367,-0.022521833,-0.024007568,-462.0702102588257,0.5109317,-0.09902762,0.48849273,45.49822115898132,-0.1734177,143.2008056640625,-0.13797599,-8,76.28591918945312,0.4262636,1.4139578342437744,-0.14387132,-0.15037085115909576,0.22738797221865734,-9.314752578735352,4.555126190185547,15396,-867.0885289715102,0.4096418,-0.02546589,-0.16853505,-0.024621973
15500,-876.225103300126,-327.5480648991652,-0.10713756,-0.17524503,-0.18332016,-0.05675622,-0.066282585,-1933.743790780718,0.29183954,-0.10378107,0.32366976,42.540234088897705,-0.12663046,4.8431196212768555,-0.084197186,-8,225.80442810058594,0.4189863,1.0186961889266968,-0.08919899,-0.03220676630735397,0.3172854603110825,-9.147247314453125,3.226627826690674,15496,-633.1523031633697,0.40409198,-0.032723535,-0.123465426,-0.031192882
15600,-793.0220440767237,-358.9413033324877,-0.124212034,-0.1586044,-0.15888865,-0.028660305,-0.033744127,-485.2663207182195,0.440368,-0.11839571,0.4380992,43.83180069923401,-0.099996366,-19.265213012695312,-0.0717764,-8,379.486572265625,0.55176365,0.9577447772026062,-0.07742579,-0.07280603796243668,0.33085721902872833,-8.936890602111816,3.5949268341064453,15596,-499.9818323993236,0.5294289,-0.019561525,-0.09525023,-0.018808808
15700,-912.4826890112661,-430.18577996990985,-0.1347101,-0.18249653,-0.18046072,-0.03982203,-0.04397907,-1218.1345646138288,0.37753385,-0.12768582,0.37701064,46.50316071510315,-0.22146468,1.0148124694824219,-0.21716094,-8,219.57528686523438,0.3847389,1.4141881465911865,-0.21760966,-0.24512727558612823,0.3200712406853159,-9.487860679626465,4.42615270614624,15696,-1107.3233903254732,0.38906303,-0.0048926957,-0.22303218,-0.0032125274
15800,-798.5344666479741,-422.01453239424154,-0.14143851,-0.1597069,-0.1538975,-0.015223659,-0.01660208,-440.762102703593,0.3983069,-0.133975,0.38075528,46.30799460411072,-0.13026567,36.67839050292969,-0.11293176,-8,111.19036102294922,0.53142405,0.44499441981315613,-0.11154345,-0.2764643728733063,0.2707325745858553,-9.138863563537598,3.674999237060547,15796,-651.3283234012488,0.5368333,-0.015712705,-0.131787,-0.015601849
15900,-825.3014102163619,-340.0517723115627,-0.123539105,-0.16506027,-0.16542354,-0.034600977,-0.040018644,-340.0517723115627,0.37713957,-0.11740116,0.37876642,43.96449637413025,-0.121705405,78.0364761352539,-0.09775882,-8,118.43789672851562,0.46345887,0.5316321849822998,-0.102537364,-0.10985269397497177,0.26171348694488944,-9.633707046508789,4.177188873291016,15896,-608.5270850440429,0.4436324,-0.016341299,-0.11736838,-0.015973372
16000,-891.3928876244436,-436.5044157044031,-0.11031802,-0.17827858,-0.175085,-0.056633797,-0.06111871,-1754.6905955555849,0.35819063,-0.10174255,0.3498883,45.03078103065491,-0.1748374,110.42362976074219,-0.124499574,-8,157.09811401367188,0.34313473,0.878767728805542,-0.1290905,-0.045426808297634125,0.2798708914945143,-10.151742935180664,4.194936275482178,15996,-874.1870811847184,0.3339528,-0.039939657,-0.17242716,-0.03812243
16100,-832.2534359771886,-614.482721595341,-0.14041929,-0.16645068,-0.17433706,-0.021692825,-0.03467431,-819.9585910399264,0.40658253,-0.13272789,0.4326595,48.739219665527344,-0.19292198,88.94873046875,-0.11506991,-8,113.2341537475586,-0.09157506,0.21530058979988098,-0.1301494,0.20470400154590607,0.2628981197827634,-8.414054870605469,4.5251970291137695,16096,-964.6100825491158,0.32896692,-0.16563159,-0.3138278,-0.052310523
16200,-988.1205511724236,-312.9115747259493,-0.13570066,-0.19762412,-0.20391329,-0.05160288,-0.06326639,-1377.0697553128412,0.33378464,-0.12799361,0.35611182,47.88366460800171,-0.11121754,132.8211669921875,-0.098975554,-8,124.46622467041016,0.56551784,-0.1043199896812439,-0.104362465,-0.06043671816587448,0.25614416236600035,-9.182416915893555,4.330764055252075,16196,-556.0877492752297,0.5437229,-0.0057745688,-0.10590503,-0.0057125688
16300,-804.4170358763625,-491.45941945429513,-0.12294539,-0.16088341,-0.15848058,-0.03161501,-0.036254235,-874.3088393970083,0.4249528,-0.11497551,0.41567138,48.885377407073975,-0.26009667,90.26028442382812,-0.14844225,-8,145.05093383789062,-0.16432242,0.5811331272125244,-0.16024128,-0.11594699323177338,0.27743193604902927,-9.733966827392578,4.523864030838013,16296,-1300.4833685141057,0.21480252,-0.19769964,-0.3856818,-0.08321282
16400,-841.0217100200259,-471.8909903347958,-0.107280605,-0.16820435,-0.17136702,-0.050769784,-0.056346018,-1013.0947151271539,0.3957814,-0.10375178,0.40472156,47.99236249923706,-0.18350889,34.1813850402832,-0.1405991,-8,196.79849243164062,0.5338411,0.5327232480049133,-0.15593496,-0.1045277863740921,0.3211142927864154,-9.610797882080078,4.984980344772339,16396,-917.5444049834914,0.5023487,-0.026080806,-0.17189607,-0.022978263
16500,-943.026516422319,-421.61077821510844,-0.14240171,-0.1886053,-0.19905671,-0.038503002,-0.05071451,-421.61077821510844,0.31405088,-0.1381993,0.3436797,43.68898296356201,-0.08527169,-87.68321228027344,-0.06755328,-8,297.5194396972656,0.80067796,1.0015872716903687,-0.0832015,0.37423384189605713,0.3783017603189481,-8.082295417785645,4.9589173793792725,16496,-426.3584997208818,0.75636655,-0.0018411865,-0.06976271,-0.0017251703
16600,-878.1134265945382,-273.1531169093796,-0.1332538,-0.17562269,-0.17582916,-0.035307404,-0.04152795,-273.1531169093796,0.3886673,-0.12599564,0.38936657,44.85733890533447,-0.2776401,-164.31849670410156,-0.21325117,-8,279.44927978515625,0.23086217,1.1879255771636963,-0.23038463,0.3791812062263489,0.384162423850566,-9.289237976074219,4.7075653076171875,16596,-1388.2005706883501,0.19231968,-0.042616628,-0.26439112,-0.039379556
16700,-1035.5401798046707,-660.9442333351762,-0.15840751,-0.20710804,-0.20762253,-0.040583756,-0.045349013,-660.9442333351762,0.30145594,-0.1532037,0.30487233,43.95680499076843,-0.1366657,-137.4082489013672,-0.10407048,-8,395.1812744140625,0.49200755,1.0343518257141113,-0.11061228,-0.13984060287475586,0.336678851402093,-9.240947723388672,3.857316493988037,16696,-683.3285510009773,0.47936887,-0.024397973,-0.13334805,-0.021711199
16800,-746.4684922261661,-300.2550900398637,-0.12577972,-0.1492937,-0.14674863,-0.01959499,-0.022316396,-637.9532848368035,0.517994,-0.119968966,0.51304173,49.043479681015015,-0.22813936,-109.95283508300781,-0.19491011,-8,263.2801208496094,0.38184884,0.9890304207801819,-0.20596898,-0.13479915261268616,0.34633828622537216,-9.798310279846191,5.73257040977478,16796,-1140.696704773365,0.38131705,-0.027527614,-0.22794324,-0.018475331
16900,-986.9631181739733,-671.5751317463582,-0.1365326,-0.19739264,-0.22070253,-0.050716676,-0.06811136,-994.2574249443533,0.19359314,-0.13896891,0.27219376,47.783087491989136,-0.15829821,-147.90118408203125,-0.081687115,-8,211.07266235351562,0.13784987,1.2076281309127808,-0.08616872,0.09620071947574615,0.3753127303938909,-9.069047927856445,3.6992850303649902,16896,-791.4910619574403,0.182977,-0.07112873,-0.1670416,-0.0601079
17000,-882.2199177644994,-453.2577507244059,-0.12691316,-0.17644398,-0.17681015,-0.041275688,-0.045259573,-1073.4225625405088,0.25470805,-0.12249867,0.25658962,55.55926752090454,-0.20205306,-115.02314758300781,-0.16458763,-8,233.3833770751953,0.31503728,0.051258087158203125,-0.18595068,0.028174258768558502,0.36074380011245827,-9.469486236572266,5.139616250991821,16996,-1010.2653070796077,0.2972067,-0.02694929,-0.19692677,-0.013418666
17100,-788.3697329512431,-418.31038814656495,-0.12600161,-0.15767395,-0.15803218,-0.026393615,-0.03203761,-418.31038814656495,0.4114298,-0.11958705,0.41348168,47.93196129798889,-0.39121354,-49.74296569824219,-0.25378683,-8,310.55169677734375,-0.35422522,1.0173851251602173,-0.26416394,-0.10546935349702835,0.3927801124580002,-10.477470397949219,4.712507486343384,17096,-1956.0678003542125,-0.27743214,-0.13412051,-0.41473144,-0.10587469
17200,-1039.497966819987,-586.5614854569503,-0.1607506,-0.2078996,-0.22974285,-0.039290823,-0.052580826,-1802.7659561985638,0.28388593,-0.16664587,0.34259358,46.83703923225403,-0.19559677,-94.00494384765625,-0.14143777,-8,406.7270812988281,0.3714848,0.2566033601760864,-0.14838366,0.02183493971824646,0.40697330872117493,-9.98133659362793,4.230140447616577,17196,-977.9838073533028,0.3613167,-0.042537514,-0.19248278,-0.039344255
17300,-1096.9572086866333,-466.86226794481627,-0.15310238,-0.21939145,-0.22588451,-0.05524089,-0.06525815,-1162.929785931723,0.14877443,-0.14757471,0.1728461,44.73251676559448,-0.34369567,-76.47824096679688,-0.17574549,-8,437.9988098144531,-1.5192821,0.6868100166320801,-0.124741726,0.17783915996551514,0.3707789960808801,-10.250434875488281,3.2986583709716797,17296,-1718.4784358693287,-0.7739132,-0.26030454,-0.48811093,-0.1824616
17400,-939.6854704683501,-558.2330011449994,-0.147185,-0.18793708,-0.186217,-0.033960074,-0.037609555,-997.1058568749731,0.3502422,-0.14108554,0.34336856,47.86249232292175,-0.22861832,-172.78106689453125,-0.14506494,-8,286.2330322265625,0.07206833,2.1197426319122314,-0.14993295,-0.16619116067886353,0.47316495402378833,-12.326967239379883,4.853817701339722,17396,-1143.0916395292434,0.06207868,-0.06759868,-0.22618335,-0.06557116
17500,-1536.1216369556628,-1020.9430404100567,-0.21027912,-0.3072243,-0.405852,-0.08078767,-0.17717855,-1090.8306617037742,-0.48806033,-0.19323774,-0.07455368,48.54216957092285,-1.0539627,-403.9089050292969,-0.16268253,-8,852.471923828125,-4.382474,4.190837860107422,-0.18953556,-1.9385390281677246,0.6674166254727717,-11.228246688842773,4.821049928665161,17496,-5269.813364269212,-3.0150955,-1.0418475,-1.4128995,-0.7203559
17600,-1291.5522744008977,-572.2238417411791,-0.19099367,-0.25831047,-0.26208448,-0.05609732,-0.062426023,-694.1587573640027,-0.058613878,-0.18717328,-0.03912178,44.77588438987732,-0.24289861,-778.0247802734375,-0.06543096,-8,806.8896484375,-0.40240428,2.5577611923217773,-0.069312006,1.3244481086730957,0.7204592340942677,-10.6229887008667,3.8622283935546875,17596,-1214.4931233895477,-0.14305224,-0.19381665,-0.29801095,-0.14465551
17700,-1408.3448632358682,-564.8828084393244,-0.19512217,-0.28166896,-0.2803161,-0.07212234,-0.0745656,-1593.927082309965,-0.10546569,-0.1908374,-0.10942349,43.903626441955566,-0.2760378,-804.0119018554688,-0.26895845,-8,626.587890625,0.06160353,2.7840993404388428,-0.26946607,-0.129862442612648,0.6832325528902187,-11.017361640930176,4.513330936431885,17696,-1380.189102407894,0.060296837,-0.0055796085,-0.275654,-0.0054764627
17800,-1040.4433575485768,-610.8251319219562,-0.15628086,-0.20808867,-0.20626707,-0.043173194,-0.048289172,-1207.853965115196,0.29478043,-0.14832006,0.28550056,47.83049416542053,-0.2758883,-762.660888671875,-0.14485085,-8,630.77197265625,-0.4327701,2.141585111618042,-0.14880444,-0.09397898614406586,0.5901158263460385,-13.269041061401367,3.9749138355255127,17796,-1379.4414863119891,-0.051003087,-0.1927094,-0.37610212,-0.10590319
17900,-1512.5687861543129,-371.8584749166621,-0.18995963,-0.30251372,-0.29982638,-0.093795106,-0.09995897,-1660.0108062876461,-0.053453065,-0.17987561,-0.0594926,49.05339741706848,-0.25105664,-495.6513977050781,-0.09137069,-8,489.0643310546875,-0.19089608,1.5057672262191772,-0.097037494,0.21786543726921082,0.4533541578925527,-12.722494125366211,4.251531362533569,17896,-1255.2832026618125,-0.14768735,-0.14094822,-0.26050854,-0.12834927
18000,-850.2335204398438,-577.4106909647162,-0.119487144,-0.17004669,-0.16723853,-0.042132974,-0.047159605,-650.4972233666558,0.41123286,-0.11064701,0.40274554,49.16413593292236,-0.07633194,-324.17071533203125,-0.060599275,-8,269.1923828125,0.7367602,1.9655780792236328,-0.06796421,-0.0061756521463394165,0.45749184874490767,-12.748825073242188,3.767444133758545,17996,-381.6596852822113,0.7092118,-0.007084327,-0.06910047,-0.0069731055
18100,-794.8324658432543,-350.59873067148146,-0.14431912,-0.1589665,-0.15483968,-0.012206141,-0.012881371,-1146.8352909180976,0.35450014,-0.13938203,0.3410584,42.6031014919281,-0.20622239,-180.5875244140625,-0.074161924,-8,321.440673828125,0.36786506,2.381110668182373,-0.09082987,-0.16330185532569885,0.4483095329446457,-12.577069282531738,4.623469591140747,18096,-1031.1119135591657,0.36546963,-0.10940162,-0.20544387,-0.096160434
18200,-851.7848754139555,-455.7918116201472,-0.11292803,-0.17035697,-0.16806644,-0.047857456,-0.05456105,-1324.1130145737407,0.43642372,-0.1025932,0.4280463,45.9222571849823,-0.08608403,-174.16717529296875,-0.047069497,-8,312.864501953125,0.66333234,2.4824624061584473,-0.060704656,-0.1898237019777298,0.4756246626107964,-11.52920150756836,3.457906484603882,18196,-430.42014400765765,0.6468348,-0.029161049,-0.08206276,-0.021149479
18300,-1037.2514643988561,-365.80195404880214,-0.13484721,-0.2074503,-0.20402321,-0.060502563,-0.06662589,-365.80195404880214,0.28907877,-0.12407215,0.2775032,53.61622714996338,-0.3285133,-63.031768798828125,-0.16041999,-8,215.10061645507812,-0.54854566,1.9474191665649414,-0.1623149,-0.07631199061870575,0.3999445612530826,-11.963391304016113,4.528395175933838,18296,-1642.5664628393133,-0.54594475,-0.14053833,-0.32906598,-0.13849865
18400,-616.0569260766442,-345.7646100879356,-0.112074465,-0.12321138,-0.1166149,-0.009280765,-0.009947114,-783.374810991445,0.5447408,-0.10467837,0.52149564,45.674463748931885,-0.22831738,22.451416015625,-0.20568833,-8,206.1912078857422,0.33563977,1.4780077934265137,-0.21077266,0.11235544830560684,0.380881081217126,-11.736753463745117,5.3032708168029785,18396,-1141.58694627753,0.34766468,-0.022364805,-0.2325261,-0.014620598
18500,-1190.913109986037,-507.7937902422127,-0.13789509,-0.23818262,-0.25179583,-0.08357294,-0.09681665,-779.614132295028,0.0066740424,-0.1356158,0.05635431,46.154807329177856,-0.09945419,57.38370895385742,-0.08191329,-8,239.2679443359375,0.6938305,1.5609848499298096,-0.09152939,0.16137418150901794,0.36398292696750717,-11.620339393615723,4.0847907066345215,18496,-497.2709279417177,0.66143256,-0.0066866702,-0.0899373,-0.0066039953
18600,-717.922274096325,-295.9032456052955,-0.11957241,-0.14358445,-0.13896269,-0.020010037,-0.02266703,-440.9697057234007,0.5070237,-0.11176224,0.49096245,47.48032069206238,-0.18144225,87.71784210205078,-0.16763796,-8,138.77658081054688,0.46346888,1.7276691198349,-0.17483144,-0.23962654173374176,0.3228997621086113,-9.996644973754883,5.417016983032227,18596,-907.2113127962803,0.44171616,-0.0056122206,-0.17437263,-0.0055090375
18700,-827.710292995302,-212.6846409888941,-0.1266834,-0.16554205,-0.16019775,-0.032382213,-0.036233254,-1801.4004987055068,0.4748667,-0.11671785,0.45629248,43.242857694625854,-0.23133735,103.91582489013672,-0.1588643,-8,162.39942932128906,0.37466675,1.7893891334533691,-0.168191,-0.17426012456417084,0.2995113662011481,-10.161712646484375,4.507131814956665,18696,-1156.686779582924,0.37264445,-0.05977276,-0.23059161,-0.052621976
18800,-1321.1304333160692,-414.0952260183076,-0.17242453,-0.26422608,-0.26105163,-0.0765013,-0.08267275,-1419.473839791899,0.010556048,-0.16184433,0.006425367,43.902782678604126,-0.120113604,90.7795639038086,-0.08369583,-8,206.46908569335938,0.50687385,1.6912119388580322,-0.09569065,0.015355564653873444,0.3039723367822162,-8.647500991821289,3.8201699256896973,18796,-600.5680602625489,0.46616176,-0.022714635,-0.11095339,-0.020352472
18900,-844.8534767310173,-444.6258462334265,-0.13845484,-0.16897069,-0.16647018,-0.025429888,-0.028009182,-1627.238726442531,0.36481255,-0.13285916,0.35597625,42.224802017211914,-0.26406917,89.76516723632812,-0.08167317,-8,291.5966796875,0.08756319,1.5061564445495605,-0.095380284,0.2148565649986267,0.3015184756414939,-9.662861824035645,5.410491704940796,18896,-1320.3457502718084,0.11976963,-0.16004826,-0.27373108,-0.14057405
19000,-1243.3826644107626,-340.26934024484717,-0.13675715,-0.24867652,-0.25497267,-0.093266144,-0.10427066,-1828.4969769457894,0.14646289,-0.12984788,0.16490158,48.73764085769653,-0.1407431,54.97021484375,-0.10511392,-8,179.55325317382812,0.46828553,1.1541308164596558,-0.11140911,-0.3499802350997925,0.27935109443003237,-9.074134826660156,3.6259946823120117,18996,-703.7155921904053,0.45075858,-0.025948266,-0.13625184,-0.024445008
19100,-1042.114177659942,-311.46605051388576,-0.17577377,-0.20842284,-0.20433426,-0.027207544,-0.030371437,-437.3607701234505,0.32311168,-0.16788852,0.3071183,43.57120728492737,-0.39069927,-47.11427307128906,-0.16965027,-8,245.6619873046875,-0.712395,1.1186184883117676,-0.16029274,-0.17639696598052979,0.343980376114881,-9.528419494628906,4.48466420173645,19096,-1953.4965283132624,-0.73644114,-0.17969887,-0.38528892,-0.19200546
19200,-692.3762528284519,-352.95714635195964,-0.11519603,-0.13847525,-0.13323294,-0.019399349,-0.020595077,-1541.6221085384313,0.48336682,-0.108518854,0.4629515,44.77220129966736,-0.099672124,-58.39689636230469,-0.078780755,-8,277.0550842285156,0.646253,1.4211030006408691,-0.0866469,-0.06306439638137817,0.3515975246465384,-9.162071228027344,4.058636665344238,19196,-498.36063644886053,0.62029666,-0.011731535,-0.0928586,-0.01085436
19300,-894.1581547811935,-316.80486461566034,-0.10038236,-0.17883164,-0.17877921,-0.06537439,-0.071796075,-1306.055304199399,0.32197982,-0.09262393,0.32134268,43.77240872383118,-0.059364863,-50.269474029541016,-0.043202102,-8,171.67001342773438,0.8017838,1.7177629470825195,-0.055705115,-0.08205094933509827,0.3313433748791194,-9.292684555053711,3.7317802906036377,19296,-296.82434110440227,0.7500427,-0.0032285417,-0.047076352,-0.003049788
19400,-1017.8717735873997,-394.71551136201015,-0.1696979,-0.20357436,-0.20118138,-0.028230382,-0.032979608,-399.9569682291258,0.24362068,-0.16160586,0.23581137,42.155203104019165,-0.12953128,-75.24601745605469,-0.11639581,-8,280.4783935546875,0.6015585,1.7195543050765991,-0.12649636,0.06710637360811234,0.331675884681877,-8.686933517456055,4.661791801452637,19396,-647.6563399314182,0.56822914,-0.0026138686,-0.11953245,-0.0025290793
19500,-892.2105936886794,-414.29404587991684,-0.15727332,-0.1784421,-0.17451122,-0.01764067,-0.020843806,-531.7997569677755,0.43207175,-0.14949866,0.41968477,48.06170177459717,-0.21867058,-79.44752502441406,-0.13110107,-8,237.3834686279297,0.3190311,1.5150291919708252,-0.13856049,-0.15541458129882812,0.3427818142162846,-9.257352828979492,4.54041314125061,19496,-1093.3528871098679,0.30025417,-0.06808476,-0.21280278,-0.0667584
19600,-975.1341335757672,-333.5673085010535,-0.17345032,-0.19502683,-0.18949804,-0.017980428,-0.019217154,-622.8953840193117,0.39882988,-0.16643746,0.37973735,44.240439891815186,-0.11700799,-106.36235046386719,-0.085641146,-8,212.6527099609375,0.34870452,1.1186010837554932,-0.07628747,0.07420603185892105,0.3322632580951757,-9.802105903625488,4.697594165802002,19596,-585.0399663322605,0.51996726,-0.060926784,-0.15875329,-0.03393377
19700,-1057.9528342629128,-366.5521030993841,-0.1924153,-0.21159056,-0.20877257,-0.015979389,-0.018230734,-1643.7917143229242,0.32300216,-0.18689567,0.3124268,47.81275963783264,-0.16686931,-193.05322265625,-0.13926645,-8,283.3002014160156,0.4572733,1.3188806772232056,-0.14851198,-0.009989865124225616,0.39374859793315076,-9.068188667297363,4.06039834022522,19696,-834.3465497141642,0.43193427,-0.016799612,-0.15942597,-0.015297759
19800,-951.2963610794852,-401.84909289499046,-0.14164266,-0.19025926,-0.18373525,-0.04051385,-0.043348655,-508.57037710607983,0.41440982,-0.13171686,0.39366063,49.67906403541565,-0.29481074,-133.377197265625,-0.1795228,-8,402.7161865234375,0.01665611,2.1105079650878906,-0.19509123,-0.4714600741863251,0.3677852811111815,-10.20720386505127,3.726876735687256,19796,-1474.0536809130572,0.017297585,-0.09623365,-0.29500318,-0.083099574
19900,-942.0559042125911,-378.936354278585,-0.112588,-0.18841118,-0.19436583,-0.06318598,-0.07145953,-1096.077308066026,0.28031823,-0.108614385,0.30101085,42.79933977127075,-0.14652438,-151.0063018798828,-0.065678306,-8,260.36083984375,0.40261105,2.5068836212158203,-0.07566851,-0.2065538763999939,0.3656492719979023,-9.355501174926758,3.7634565830230713,19896,-732.6218987583379,0.47902447,-0.085281126,-0.16801566,-0.059046555
